scenario,case,n_iter,frame_stride,psnr,frames
unitree_g1_pack_camera,case1,11,6,32.466923011207854,176
unitree_g1_pack_camera,case2,11,6,37.250975250411244,176
unitree_g1_pack_camera,case3,11,6,36.49345804814016,176
unitree_g1_pack_camera,case4,11,6,27.070648149684086,176
unitree_z1_dual_arm_cleanup_pencils,case1,8,4,39.361982688364606,128
unitree_z1_dual_arm_cleanup_pencils,case2,8,4,44.827720016961294,128
unitree_z1_dual_arm_cleanup_pencils,case3,8,4,32.19789473971798,128
unitree_z1_dual_arm_cleanup_pencils,case4,8,4,45.335319828184026,128
unitree_z1_dual_arm_stackbox,case1,7,4,42.368645441080766,112
unitree_z1_dual_arm_stackbox,case2,7,4,41.5710482475025,112
unitree_z1_dual_arm_stackbox,case3,7,4,38.7157824184718,112
unitree_z1_dual_arm_stackbox,case4,7,4,39.32772976582968,112
unitree_z1_dual_arm_stackbox_v2,case1,11,4,25.12008483689618,176
unitree_z1_dual_arm_stackbox_v2,case2,11,4,25.48078808530117,176
unitree_z1_dual_arm_stackbox_v2,case3,11,4,29.624994197995917,176
unitree_z1_dual_arm_stackbox_v2,case4,11,4,25.85968841464787,176
unitree_z1_stackbox,case1,12,4,41.037908794180176,192
unitree_z1_stackbox,case2,12,4,47.331308010420024,192
unitree_z1_stackbox,case3,12,4,40.51362334326052,192
unitree_z1_stackbox,case4,12,4,48.86059244675971,192
