timestamp, name, utilization.gpu [%], utilization.memory [%], memory.used [MiB], memory.total [MiB], power.draw [W]
2026/08/24 20:01:00.256, NVIDIA A800 80GB PCIe, 0 %, 0 %, 0 MiB, 81920 MiB, 44.72 W
2026/08/24 20:01:01.264, NVIDIA A800 80GB PCIe, 0 %, 0 %, 0 MiB, 81920 MiB, 44.81 W
2026/08/24 20:01:02.264, NVIDIA A800 80GB PCIe, 0 %, 0 %, 0 MiB, 81920 MiB, 44.72 W
2026/08/24 20:01:03.265, NVIDIA A800 80GB PCIe, 0 %, 0 %, 0 MiB, 81920 MiB, 44.62 W
2026/08/24 20:01:04.265, NVIDIA A800 80GB PCIe, 0 %, 0 %, 0 MiB, 81920 MiB, 44.81 W
2026/08/24 20:01:05.265, NVIDIA A800 80GB PCIe, 0 %, 0 %, 0 MiB, 81920 MiB, 44.61 W
2026/08/24 20:01:06.265, NVIDIA A800 80GB PCIe, 0 %, 0 %, 4 MiB, 81920 MiB, 45.01 W
2026/08/24 20:01:07.265, NVIDIA A800 80GB PCIe, 0 %, 0 %, 4 MiB, 81920 MiB, 44.62 W
2026/08/24 20:01:08.265, NVIDIA A800 80GB PCIe, 0 %, 0 %, 4 MiB, 81920 MiB, 44.71 W
2026/08/24 20:01:09.265, NVIDIA A800 80GB PCIe, 0 %, 0 %, 4 MiB, 81920 MiB, 44.81 W
2026/08/24 20:01:10.266, NVIDIA A800 80GB PCIe, 0 %, 0 %, 4 MiB, 81920 MiB, 44.71 W
2026/08/24 20:01:11.266, NVIDIA A800 80GB PCIe, 0 %, 0 %, 4 MiB, 81920 MiB, 44.62 W
2026/08/24 20:01:12.266, NVIDIA A800 80GB PCIe, 0 %, 0 %, 4 MiB, 81920 MiB, 44.62 W
2026/08/24 20:01:13.266, NVIDIA A800 80GB PCIe, 0 %, 0 %, 4 MiB, 81920 MiB, 44.72 W
2026/08/24 20:01:14.266, NVIDIA A800 80GB PCIe, 0 %, 0 %, 4 MiB, 81920 MiB, 44.71 W
2026/08/24 20:01:15.267, NVIDIA A800 80GB PCIe, 0 %, 0 %, 4 MiB, 81920 MiB, 44.62 W
2026/08/24 20:01:16.267, NVIDIA A800 80GB PCIe, 0 %, 0 %, 4 MiB, 81920 MiB, 44.81 W
2026/08/24 20:01:17.267, NVIDIA A800 80GB PCIe, 0 %, 0 %, 4 MiB, 81920 MiB, 44.71 W
2026/08/24 20:01:18.267, NVIDIA A800 80GB PCIe, 0 %, 0 %, 4 MiB, 81920 MiB, 44.52 W
2026/08/24 20:01:19.267, NVIDIA A800 80GB PCIe, 0 %, 0 %, 4 MiB, 81920 MiB, 44.81 W
2026/08/24 20:01:20.267, NVIDIA A800 80GB PCIe, 0 %, 0 %, 4 MiB, 81920 MiB, 44.81 W
2026/08/24 20:01:21.268, NVIDIA A800 80GB PCIe, 0 %, 0 %, 4 MiB, 81920 MiB, 44.63 W
2026/08/24 20:01:22.268, NVIDIA A800 80GB PCIe, 0 %, 0 %, 4 MiB, 81920 MiB, 44.62 W
2026/08/24 20:01:23.268, NVIDIA A800 80GB PCIe, 0 %, 0 %, 4 MiB, 81920 MiB, 44.81 W
2026/08/24 20:01:24.268, NVIDIA A800 80GB PCIe, 0 %, 0 %, 4 MiB, 81920 MiB, 44.81 W
2026/08/24 20:01:25.268, NVIDIA A800 80GB PCIe, 0 %, 0 %, 4 MiB, 81920 MiB, 44.61 W
2026/08/24 20:01:26.268, NVIDIA A800 80GB PCIe, 0 %, 0 %, 4 MiB, 81920 MiB, 44.70 W
2026/08/24 20:01:27.268, NVIDIA A800 80GB PCIe, 0 %, 0 %, 4 MiB, 81920 MiB, 44.71 W
2026/08/24 20:01:28.269, NVIDIA A800 80GB PCIe, 0 %, 0 %, 4 MiB, 81920 MiB, 44.72 W
2026/08/24 20:01:29.269, NVIDIA A800 80GB PCIe, 0 %, 0 %, 4 MiB, 81920 MiB, 44.72 W
2026/08/24 20:01:30.269, NVIDIA A800 80GB PCIe, 0 %, 0 %, 4 MiB, 81920 MiB, 44.71 W
2026/08/24 20:01:31.273, NVIDIA A800 80GB PCIe, 0 %, 0 %, 4 MiB, 81920 MiB, 44.61 W
2026/08/24 20:01:32.277, NVIDIA A800 80GB PCIe, 0 %, 0 %, 4 MiB, 81920 MiB, 44.62 W
2026/08/24 20:01:33.281, NVIDIA A800 80GB PCIe, 0 %, 0 %, 4 MiB, 81920 MiB, 44.61 W
2026/08/24 20:01:34.285, NVIDIA A800 80GB PCIe, 0 %, 0 %, 4 MiB, 81920 MiB, 44.71 W
2026/08/24 20:01:35.289, NVIDIA A800 80GB PCIe, 0 %, 0 %, 4 MiB, 81920 MiB, 44.81 W
2026/08/24 20:01:36.294, NVIDIA A800 80GB PCIe, 0 %, 0 %, 4 MiB, 81920 MiB, 44.52 W
2026/08/24 20:01:37.299, NVIDIA A800 80GB PCIe, 0 %, 0 %, 4 MiB, 81920 MiB, 44.81 W
2026/08/24 20:01:38.303, NVIDIA A800 80GB PCIe, 0 %, 0 %, 4 MiB, 81920 MiB, 44.74 W
2026/08/24 20:01:39.308, NVIDIA A800 80GB PCIe, 0 %, 0 %, 4 MiB, 81920 MiB, 44.81 W
2026/08/24 20:01:40.312, NVIDIA A800 80GB PCIe, 0 %, 0 %, 4 MiB, 81920 MiB, 45.00 W
2026/08/24 20:01:41.317, NVIDIA A800 80GB PCIe, 0 %, 0 %, 4 MiB, 81920 MiB, 44.71 W
2026/08/24 20:01:42.321, NVIDIA A800 80GB PCIe, 0 %, 0 %, 4 MiB, 81920 MiB, 44.52 W
2026/08/24 20:01:43.326, NVIDIA A800 80GB PCIe, 0 %, 0 %, 4 MiB, 81920 MiB, 44.62 W
2026/08/24 20:01:44.330, NVIDIA A800 80GB PCIe, 0 %, 0 %, 4 MiB, 81920 MiB, 44.72 W
2026/08/24 20:01:45.335, NVIDIA A800 80GB PCIe, 0 %, 0 %, 4 MiB, 81920 MiB, 44.81 W
2026/08/24 20:01:46.340, NVIDIA A800 80GB PCIe, 0 %, 0 %, 4 MiB, 81920 MiB, 44.91 W
2026/08/24 20:01:47.344, NVIDIA A800 80GB PCIe, 0 %, 0 %, 4 MiB, 81920 MiB, 44.61 W
2026/08/24 20:01:48.348, NVIDIA A800 80GB PCIe, 0 %, 0 %, 4 MiB, 81920 MiB, 44.81 W
2026/08/24 20:01:49.353, NVIDIA A800 80GB PCIe, 0 %, 0 %, 4 MiB, 81920 MiB, 44.74 W
2026/08/24 20:01:50.358, NVIDIA A800 80GB PCIe, 0 %, 0 %, 4 MiB, 81920 MiB, 44.81 W
2026/08/24 20:01:51.363, NVIDIA A800 80GB PCIe, 0 %, 0 %, 4 MiB, 81920 MiB, 44.81 W
2026/08/24 20:01:52.367, NVIDIA A800 80GB PCIe, 0 %, 0 %, 4 MiB, 81920 MiB, 44.72 W
2026/08/24 20:01:53.372, NVIDIA A800 80GB PCIe, 0 %, 0 %, 4 MiB, 81920 MiB, 44.71 W
2026/08/24 20:01:54.376, NVIDIA A800 80GB PCIe, 0 %, 0 %, 4 MiB, 81920 MiB, 44.72 W
2026/08/24 20:01:55.380, NVIDIA A800 80GB PCIe, 0 %, 0 %, 4 MiB, 81920 MiB, 44.62 W
2026/08/24 20:01:56.384, NVIDIA A800 80GB PCIe, 0 %, 0 %, 4 MiB, 81920 MiB, 44.52 W
2026/08/24 20:01:57.389, NVIDIA A800 80GB PCIe, 0 %, 0 %, 4 MiB, 81920 MiB, 44.62 W
2026/08/24 20:01:58.393, NVIDIA A800 80GB PCIe, 0 %, 0 %, 4 MiB, 81920 MiB, 44.90 W
2026/08/24 20:01:59.397, NVIDIA A800 80GB PCIe, 0 %, 0 %, 4 MiB, 81920 MiB, 44.72 W
2026/08/24 20:02:00.401, NVIDIA A800 80GB PCIe, 0 %, 0 %, 4 MiB, 81920 MiB, 44.64 W
2026/08/24 20:02:01.406, NVIDIA A800 80GB PCIe, 0 %, 0 %, 4 MiB, 81920 MiB, 44.72 W
2026/08/24 20:02:02.410, NVIDIA A800 80GB PCIe, 0 %, 0 %, 4 MiB, 81920 MiB, 44.71 W
2026/08/24 20:02:03.416, NVIDIA A800 80GB PCIe, 31 %, 1 %, 5903 MiB, 81920 MiB, 67.78 W
2026/08/24 20:02:04.420, NVIDIA A800 80GB PCIe, 26 %, 0 %, 12133 MiB, 81920 MiB, 67.59 W
2026/08/24 20:02:05.424, NVIDIA A800 80GB PCIe, 17 %, 0 %, 19029 MiB, 81920 MiB, 177.56 W
2026/08/24 20:02:06.428, NVIDIA A800 80GB PCIe, 53 %, 13 %, 19233 MiB, 81920 MiB, 292.34 W
2026/08/24 20:02:07.432, NVIDIA A800 80GB PCIe, 99 %, 20 %, 19237 MiB, 81920 MiB, 283.06 W
2026/08/24 20:02:08.437, NVIDIA A800 80GB PCIe, 97 %, 24 %, 19237 MiB, 81920 MiB, 285.87 W
2026/08/24 20:02:09.441, NVIDIA A800 80GB PCIe, 99 %, 20 %, 19237 MiB, 81920 MiB, 299.18 W
2026/08/24 20:02:10.445, NVIDIA A800 80GB PCIe, 97 %, 21 %, 19237 MiB, 81920 MiB, 277.52 W
2026/08/24 20:02:11.450, NVIDIA A800 80GB PCIe, 99 %, 22 %, 19237 MiB, 81920 MiB, 204.15 W
2026/08/24 20:02:12.454, NVIDIA A800 80GB PCIe, 98 %, 21 %, 19237 MiB, 81920 MiB, 307.07 W
2026/08/24 20:02:13.458, NVIDIA A800 80GB PCIe, 99 %, 24 %, 19237 MiB, 81920 MiB, 283.74 W
2026/08/24 20:02:14.463, NVIDIA A800 80GB PCIe, 98 %, 20 %, 19237 MiB, 81920 MiB, 294.47 W
2026/08/24 20:02:15.467, NVIDIA A800 80GB PCIe, 99 %, 25 %, 19237 MiB, 81920 MiB, 251.68 W
2026/08/24 20:02:16.471, NVIDIA A800 80GB PCIe, 99 %, 20 %, 19237 MiB, 81920 MiB, 291.85 W
2026/08/24 20:02:17.475, NVIDIA A800 80GB PCIe, 97 %, 25 %, 19237 MiB, 81920 MiB, 321.59 W
2026/08/24 20:02:18.480, NVIDIA A800 80GB PCIe, 99 %, 20 %, 19237 MiB, 81920 MiB, 287.66 W
2026/08/24 20:02:19.484, NVIDIA A800 80GB PCIe, 96 %, 24 %, 19237 MiB, 81920 MiB, 279.53 W
2026/08/24 20:02:20.488, NVIDIA A800 80GB PCIe, 99 %, 20 %, 19237 MiB, 81920 MiB, 297.89 W
2026/08/24 20:02:21.493, NVIDIA A800 80GB PCIe, 97 %, 21 %, 19237 MiB, 81920 MiB, 279.95 W
2026/08/24 20:02:22.497, NVIDIA A800 80GB PCIe, 99 %, 22 %, 19237 MiB, 81920 MiB, 240.82 W
2026/08/24 20:02:23.501, NVIDIA A800 80GB PCIe, 99 %, 26 %, 19237 MiB, 81920 MiB, 296.54 W
2026/08/24 20:02:24.505, NVIDIA A800 80GB PCIe, 99 %, 20 %, 19237 MiB, 81920 MiB, 293.98 W
2026/08/24 20:02:25.510, NVIDIA A800 80GB PCIe, 97 %, 25 %, 19237 MiB, 81920 MiB, 319.89 W
2026/08/24 20:02:26.514, NVIDIA A800 80GB PCIe, 99 %, 21 %, 19237 MiB, 81920 MiB, 302.29 W
2026/08/24 20:02:27.518, NVIDIA A800 80GB PCIe, 96 %, 24 %, 19237 MiB, 81920 MiB, 305.09 W
2026/08/24 20:02:28.522, NVIDIA A800 80GB PCIe, 99 %, 20 %, 19237 MiB, 81920 MiB, 306.29 W
2026/08/24 20:02:29.527, NVIDIA A800 80GB PCIe, 97 %, 21 %, 19237 MiB, 81920 MiB, 328.63 W
2026/08/24 20:02:30.531, NVIDIA A800 80GB PCIe, 99 %, 22 %, 19237 MiB, 81920 MiB, 287.16 W
2026/08/24 20:02:31.535, NVIDIA A800 80GB PCIe, 97 %, 21 %, 19237 MiB, 81920 MiB, 287.70 W
2026/08/24 20:02:32.540, NVIDIA A800 80GB PCIe, 100 %, 23 %, 19237 MiB, 81920 MiB, 315.77 W
2026/08/24 20:02:33.544, NVIDIA A800 80GB PCIe, 99 %, 20 %, 19237 MiB, 81920 MiB, 295.43 W
2026/08/24 20:02:34.548, NVIDIA A800 80GB PCIe, 99 %, 25 %, 19237 MiB, 81920 MiB, 304.03 W
2026/08/24 20:02:35.553, NVIDIA A800 80GB PCIe, 99 %, 20 %, 19237 MiB, 81920 MiB, 313.21 W
2026/08/24 20:02:36.559, NVIDIA A800 80GB PCIe, 98 %, 25 %, 19237 MiB, 81920 MiB, 282.94 W
2026/08/24 20:02:37.564, NVIDIA A800 80GB PCIe, 99 %, 20 %, 19237 MiB, 81920 MiB, 312.92 W
2026/08/24 20:02:38.569, NVIDIA A800 80GB PCIe, 80 %, 26 %, 19237 MiB, 81920 MiB, 306.61 W
2026/08/24 20:02:39.575, NVIDIA A800 80GB PCIe, 99 %, 21 %, 19237 MiB, 81920 MiB, 299.28 W
2026/08/24 20:02:40.580, NVIDIA A800 80GB PCIe, 97 %, 24 %, 19237 MiB, 81920 MiB, 296.29 W
2026/08/24 20:02:41.585, NVIDIA A800 80GB PCIe, 99 %, 20 %, 19237 MiB, 81920 MiB, 294.59 W
2026/08/24 20:02:42.590, NVIDIA A800 80GB PCIe, 97 %, 21 %, 19237 MiB, 81920 MiB, 290.27 W
2026/08/24 20:02:43.596, NVIDIA A800 80GB PCIe, 99 %, 21 %, 19237 MiB, 81920 MiB, 238.85 W
2026/08/24 20:02:44.601, NVIDIA A800 80GB PCIe, 98 %, 21 %, 19239 MiB, 81920 MiB, 295.64 W
2026/08/24 20:02:45.606, NVIDIA A800 80GB PCIe, 100 %, 23 %, 19239 MiB, 81920 MiB, 300.95 W
2026/08/24 20:02:46.612, NVIDIA A800 80GB PCIe, 98 %, 20 %, 19239 MiB, 81920 MiB, 312.79 W
2026/08/24 20:02:47.617, NVIDIA A800 80GB PCIe, 99 %, 20 %, 19239 MiB, 81920 MiB, 288.33 W
2026/08/24 20:02:48.622, NVIDIA A800 80GB PCIe, 97 %, 24 %, 19239 MiB, 81920 MiB, 295.55 W
2026/08/24 20:02:49.628, NVIDIA A800 80GB PCIe, 99 %, 20 %, 19239 MiB, 81920 MiB, 310.98 W
2026/08/24 20:02:50.634, NVIDIA A800 80GB PCIe, 97 %, 22 %, 19239 MiB, 81920 MiB, 292.77 W
2026/08/24 20:02:51.640, NVIDIA A800 80GB PCIe, 99 %, 21 %, 19239 MiB, 81920 MiB, 296.84 W
2026/08/24 20:02:52.645, NVIDIA A800 80GB PCIe, 98 %, 21 %, 19239 MiB, 81920 MiB, 323.93 W
2026/08/24 20:02:53.651, NVIDIA A800 80GB PCIe, 100 %, 22 %, 19239 MiB, 81920 MiB, 280.88 W
2026/08/24 20:02:54.656, NVIDIA A800 80GB PCIe, 98 %, 20 %, 19239 MiB, 81920 MiB, 285.61 W
2026/08/24 20:02:55.662, NVIDIA A800 80GB PCIe, 99 %, 24 %, 19239 MiB, 81920 MiB, 305.72 W
2026/08/24 20:02:56.667, NVIDIA A800 80GB PCIe, 99 %, 20 %, 19239 MiB, 81920 MiB, 280.71 W
2026/08/24 20:02:57.672, NVIDIA A800 80GB PCIe, 99 %, 26 %, 19239 MiB, 81920 MiB, 299.39 W
2026/08/24 20:02:58.678, NVIDIA A800 80GB PCIe, 99 %, 19 %, 19239 MiB, 81920 MiB, 288.06 W
2026/08/24 20:02:59.683, NVIDIA A800 80GB PCIe, 98 %, 24 %, 19239 MiB, 81920 MiB, 281.67 W
2026/08/24 20:03:00.688, NVIDIA A800 80GB PCIe, 99 %, 20 %, 19239 MiB, 81920 MiB, 300.25 W
2026/08/24 20:03:01.693, NVIDIA A800 80GB PCIe, 98 %, 25 %, 19239 MiB, 81920 MiB, 292.79 W
2026/08/24 20:03:02.699, NVIDIA A800 80GB PCIe, 99 %, 20 %, 19239 MiB, 81920 MiB, 293.83 W
2026/08/24 20:03:03.704, NVIDIA A800 80GB PCIe, 97 %, 24 %, 19239 MiB, 81920 MiB, 287.85 W
2026/08/24 20:03:04.709, NVIDIA A800 80GB PCIe, 99 %, 20 %, 19239 MiB, 81920 MiB, 299.77 W
2026/08/24 20:03:05.714, NVIDIA A800 80GB PCIe, 97 %, 23 %, 19239 MiB, 81920 MiB, 300.67 W
2026/08/24 20:03:06.720, NVIDIA A800 80GB PCIe, 99 %, 20 %, 19239 MiB, 81920 MiB, 286.20 W
2026/08/24 20:03:07.725, NVIDIA A800 80GB PCIe, 98 %, 21 %, 19239 MiB, 81920 MiB, 307.26 W
2026/08/24 20:03:08.730, NVIDIA A800 80GB PCIe, 99 %, 22 %, 19239 MiB, 81920 MiB, 224.83 W
2026/08/24 20:03:09.735, NVIDIA A800 80GB PCIe, 98 %, 25 %, 19239 MiB, 81920 MiB, 282.41 W
2026/08/24 20:03:10.741, NVIDIA A800 80GB PCIe, 99 %, 20 %, 19239 MiB, 81920 MiB, 318.19 W
2026/08/24 20:03:11.746, NVIDIA A800 80GB PCIe, 98 %, 25 %, 19239 MiB, 81920 MiB, 288.55 W
2026/08/24 20:03:12.747, NVIDIA A800 80GB PCIe, 100 %, 38 %, 19239 MiB, 81920 MiB, 78.19 W
2026/08/24 20:03:13.747, NVIDIA A800 80GB PCIe, 0 %, 0 %, 19239 MiB, 81920 MiB, 77.30 W
2026/08/24 20:03:14.748, NVIDIA A800 80GB PCIe, 0 %, 0 %, 19239 MiB, 81920 MiB, 76.56 W
2026/08/24 20:03:15.748, NVIDIA A800 80GB PCIe, 98 %, 21 %, 19239 MiB, 81920 MiB, 297.64 W
2026/08/24 20:03:16.748, NVIDIA A800 80GB PCIe, 99 %, 22 %, 19239 MiB, 81920 MiB, 308.71 W
2026/08/24 20:03:17.748, NVIDIA A800 80GB PCIe, 98 %, 21 %, 19239 MiB, 81920 MiB, 293.88 W
2026/08/24 20:03:18.748, NVIDIA A800 80GB PCIe, 100 %, 23 %, 19239 MiB, 81920 MiB, 289.79 W
2026/08/24 20:03:19.748, NVIDIA A800 80GB PCIe, 97 %, 20 %, 19239 MiB, 81920 MiB, 315.34 W
2026/08/24 20:03:20.749, NVIDIA A800 80GB PCIe, 99 %, 25 %, 19239 MiB, 81920 MiB, 315.42 W
2026/08/24 20:03:21.749, NVIDIA A800 80GB PCIe, 98 %, 20 %, 19239 MiB, 81920 MiB, 279.03 W
2026/08/24 20:03:22.749, NVIDIA A800 80GB PCIe, 99 %, 26 %, 19239 MiB, 81920 MiB, 279.64 W
2026/08/24 20:03:23.749, NVIDIA A800 80GB PCIe, 99 %, 19 %, 19239 MiB, 81920 MiB, 303.16 W
2026/08/24 20:03:24.749, NVIDIA A800 80GB PCIe, 98 %, 24 %, 19239 MiB, 81920 MiB, 292.45 W
2026/08/24 20:03:25.749, NVIDIA A800 80GB PCIe, 99 %, 20 %, 19239 MiB, 81920 MiB, 311.27 W
2026/08/24 20:03:26.749, NVIDIA A800 80GB PCIe, 98 %, 25 %, 19239 MiB, 81920 MiB, 298.86 W
2026/08/24 20:03:27.750, NVIDIA A800 80GB PCIe, 99 %, 20 %, 19239 MiB, 81920 MiB, 290.99 W
2026/08/24 20:03:28.750, NVIDIA A800 80GB PCIe, 97 %, 24 %, 19239 MiB, 81920 MiB, 285.84 W
2026/08/24 20:03:29.750, NVIDIA A800 80GB PCIe, 99 %, 20 %, 19239 MiB, 81920 MiB, 297.93 W
2026/08/24 20:03:30.750, NVIDIA A800 80GB PCIe, 97 %, 23 %, 19239 MiB, 81920 MiB, 281.64 W
2026/08/24 20:03:31.750, NVIDIA A800 80GB PCIe, 99 %, 20 %, 19239 MiB, 81920 MiB, 297.69 W
2026/08/24 20:03:32.750, NVIDIA A800 80GB PCIe, 98 %, 21 %, 19239 MiB, 81920 MiB, 314.39 W
2026/08/24 20:03:33.751, NVIDIA A800 80GB PCIe, 99 %, 21 %, 19239 MiB, 81920 MiB, 238.58 W
2026/08/24 20:03:34.751, NVIDIA A800 80GB PCIe, 98 %, 21 %, 19239 MiB, 81920 MiB, 288.88 W
2026/08/24 20:03:35.751, NVIDIA A800 80GB PCIe, 99 %, 20 %, 19239 MiB, 81920 MiB, 306.39 W
2026/08/24 20:03:36.751, NVIDIA A800 80GB PCIe, 98 %, 24 %, 19239 MiB, 81920 MiB, 275.33 W
2026/08/24 20:03:37.751, NVIDIA A800 80GB PCIe, 99 %, 20 %, 19239 MiB, 81920 MiB, 296.61 W
2026/08/24 20:03:38.751, NVIDIA A800 80GB PCIe, 97 %, 24 %, 19239 MiB, 81920 MiB, 305.45 W
2026/08/24 20:03:39.752, NVIDIA A800 80GB PCIe, 99 %, 20 %, 19239 MiB, 81920 MiB, 224.95 W
2026/08/24 20:03:40.752, NVIDIA A800 80GB PCIe, 97 %, 24 %, 19239 MiB, 81920 MiB, 312.62 W
2026/08/24 20:03:41.752, NVIDIA A800 80GB PCIe, 99 %, 20 %, 19239 MiB, 81920 MiB, 295.20 W
2026/08/24 20:03:42.752, NVIDIA A800 80GB PCIe, 97 %, 23 %, 19239 MiB, 81920 MiB, 299.07 W
2026/08/24 20:03:43.752, NVIDIA A800 80GB PCIe, 91 %, 18 %, 19239 MiB, 81920 MiB, 320.80 W
2026/08/24 20:03:44.752, NVIDIA A800 80GB PCIe, 98 %, 21 %, 19239 MiB, 81920 MiB, 325.71 W
2026/08/24 20:03:45.752, NVIDIA A800 80GB PCIe, 99 %, 21 %, 19239 MiB, 81920 MiB, 301.69 W
2026/08/24 20:03:46.752, NVIDIA A800 80GB PCIe, 98 %, 21 %, 19239 MiB, 81920 MiB, 303.07 W
2026/08/24 20:03:47.753, NVIDIA A800 80GB PCIe, 99 %, 22 %, 19239 MiB, 81920 MiB, 261.60 W
2026/08/24 20:03:48.753, NVIDIA A800 80GB PCIe, 100 %, 38 %, 19239 MiB, 81920 MiB, 300.53 W
2026/08/24 20:03:49.753, NVIDIA A800 80GB PCIe, 99 %, 24 %, 19239 MiB, 81920 MiB, 284.59 W
2026/08/24 20:03:50.753, NVIDIA A800 80GB PCIe, 99 %, 20 %, 19239 MiB, 81920 MiB, 296.33 W
2026/08/24 20:03:51.753, NVIDIA A800 80GB PCIe, 99 %, 25 %, 19239 MiB, 81920 MiB, 316.93 W
2026/08/24 20:03:52.753, NVIDIA A800 80GB PCIe, 97 %, 19 %, 19239 MiB, 81920 MiB, 293.59 W
2026/08/24 20:03:53.754, NVIDIA A800 80GB PCIe, 99 %, 25 %, 19239 MiB, 81920 MiB, 289.88 W
2026/08/24 20:03:54.754, NVIDIA A800 80GB PCIe, 99 %, 19 %, 19239 MiB, 81920 MiB, 288.83 W
2026/08/24 20:03:55.754, NVIDIA A800 80GB PCIe, 98 %, 24 %, 19239 MiB, 81920 MiB, 307.04 W
2026/08/24 20:03:56.754, NVIDIA A800 80GB PCIe, 99 %, 20 %, 19239 MiB, 81920 MiB, 308.55 W
2026/08/24 20:03:57.754, NVIDIA A800 80GB PCIe, 98 %, 25 %, 19239 MiB, 81920 MiB, 305.10 W
2026/08/24 20:03:58.754, NVIDIA A800 80GB PCIe, 97 %, 20 %, 19239 MiB, 81920 MiB, 301.42 W
2026/08/24 20:03:59.754, NVIDIA A800 80GB PCIe, 99 %, 22 %, 19239 MiB, 81920 MiB, 280.91 W
2026/08/24 20:04:00.755, NVIDIA A800 80GB PCIe, 98 %, 20 %, 19239 MiB, 81920 MiB, 292.94 W
2026/08/24 20:04:01.755, NVIDIA A800 80GB PCIe, 99 %, 23 %, 19239 MiB, 81920 MiB, 308.33 W
2026/08/24 20:04:02.755, NVIDIA A800 80GB PCIe, 98 %, 20 %, 19239 MiB, 81920 MiB, 315.95 W
2026/08/24 20:04:03.755, NVIDIA A800 80GB PCIe, 99 %, 25 %, 19239 MiB, 81920 MiB, 306.22 W
2026/08/24 20:04:04.755, NVIDIA A800 80GB PCIe, 98 %, 19 %, 19239 MiB, 81920 MiB, 288.93 W
2026/08/24 20:04:05.755, NVIDIA A800 80GB PCIe, 99 %, 25 %, 19239 MiB, 81920 MiB, 293.99 W
2026/08/24 20:04:06.755, NVIDIA A800 80GB PCIe, 99 %, 19 %, 19239 MiB, 81920 MiB, 288.99 W
2026/08/24 20:04:07.756, NVIDIA A800 80GB PCIe, 98 %, 24 %, 19239 MiB, 81920 MiB, 294.75 W
2026/08/24 20:04:08.756, NVIDIA A800 80GB PCIe, 99 %, 20 %, 19239 MiB, 81920 MiB, 298.75 W
2026/08/24 20:04:09.756, NVIDIA A800 80GB PCIe, 98 %, 24 %, 19239 MiB, 81920 MiB, 309.11 W
2026/08/24 20:04:10.756, NVIDIA A800 80GB PCIe, 99 %, 20 %, 19239 MiB, 81920 MiB, 297.88 W
2026/08/24 20:04:11.756, NVIDIA A800 80GB PCIe, 97 %, 25 %, 19239 MiB, 81920 MiB, 301.57 W
2026/08/24 20:04:12.756, NVIDIA A800 80GB PCIe, 99 %, 20 %, 19239 MiB, 81920 MiB, 298.41 W
2026/08/24 20:04:13.756, NVIDIA A800 80GB PCIe, 97 %, 23 %, 19239 MiB, 81920 MiB, 265.30 W
2026/08/24 20:04:14.757, NVIDIA A800 80GB PCIe, 99 %, 20 %, 19239 MiB, 81920 MiB, 289.27 W
2026/08/24 20:04:15.757, NVIDIA A800 80GB PCIe, 98 %, 21 %, 19239 MiB, 81920 MiB, 296.81 W
2026/08/24 20:04:16.757, NVIDIA A800 80GB PCIe, 99 %, 21 %, 19239 MiB, 81920 MiB, 227.53 W
2026/08/24 20:04:17.757, NVIDIA A800 80GB PCIe, 98 %, 21 %, 19239 MiB, 81920 MiB, 303.50 W
2026/08/24 20:04:18.757, NVIDIA A800 80GB PCIe, 99 %, 23 %, 19239 MiB, 81920 MiB, 303.64 W
2026/08/24 20:04:19.757, NVIDIA A800 80GB PCIe, 98 %, 20 %, 19239 MiB, 81920 MiB, 301.62 W
2026/08/24 20:04:20.757, NVIDIA A800 80GB PCIe, 100 %, 23 %, 19239 MiB, 81920 MiB, 331.82 W
2026/08/24 20:04:21.758, NVIDIA A800 80GB PCIe, 98 %, 24 %, 19239 MiB, 81920 MiB, 300.76 W
2026/08/24 20:04:22.758, NVIDIA A800 80GB PCIe, 100 %, 38 %, 19239 MiB, 81920 MiB, 80.32 W
2026/08/24 20:04:23.758, NVIDIA A800 80GB PCIe, 0 %, 0 %, 19239 MiB, 81920 MiB, 79.29 W
2026/08/24 20:04:24.758, NVIDIA A800 80GB PCIe, 0 %, 0 %, 19239 MiB, 81920 MiB, 78.89 W
2026/08/24 20:04:25.758, NVIDIA A800 80GB PCIe, 99 %, 20 %, 19239 MiB, 81920 MiB, 293.49 W
2026/08/24 20:04:26.758, NVIDIA A800 80GB PCIe, 99 %, 25 %, 19239 MiB, 81920 MiB, 308.23 W
2026/08/24 20:04:27.758, NVIDIA A800 80GB PCIe, 97 %, 19 %, 19239 MiB, 81920 MiB, 299.35 W
2026/08/24 20:04:28.759, NVIDIA A800 80GB PCIe, 98 %, 26 %, 19239 MiB, 81920 MiB, 283.33 W
2026/08/24 20:04:29.759, NVIDIA A800 80GB PCIe, 98 %, 20 %, 19239 MiB, 81920 MiB, 291.17 W
2026/08/24 20:04:30.759, NVIDIA A800 80GB PCIe, 98 %, 24 %, 19239 MiB, 81920 MiB, 286.86 W
2026/08/24 20:04:31.759, NVIDIA A800 80GB PCIe, 98 %, 20 %, 19239 MiB, 81920 MiB, 286.47 W
2026/08/24 20:04:32.759, NVIDIA A800 80GB PCIe, 99 %, 25 %, 19239 MiB, 81920 MiB, 290.86 W
2026/08/24 20:04:33.759, NVIDIA A800 80GB PCIe, 99 %, 20 %, 19239 MiB, 81920 MiB, 335.39 W
2026/08/24 20:04:34.759, NVIDIA A800 80GB PCIe, 98 %, 24 %, 19239 MiB, 81920 MiB, 316.18 W
2026/08/24 20:04:35.759, NVIDIA A800 80GB PCIe, 99 %, 20 %, 19239 MiB, 81920 MiB, 288.90 W
2026/08/24 20:04:36.760, NVIDIA A800 80GB PCIe, 97 %, 24 %, 19239 MiB, 81920 MiB, 312.77 W
2026/08/24 20:04:37.760, NVIDIA A800 80GB PCIe, 99 %, 20 %, 19239 MiB, 81920 MiB, 308.32 W
2026/08/24 20:04:38.760, NVIDIA A800 80GB PCIe, 97 %, 24 %, 19239 MiB, 81920 MiB, 291.31 W
2026/08/24 20:04:39.760, NVIDIA A800 80GB PCIe, 99 %, 20 %, 19239 MiB, 81920 MiB, 302.40 W
2026/08/24 20:04:40.760, NVIDIA A800 80GB PCIe, 97 %, 23 %, 19239 MiB, 81920 MiB, 280.91 W
2026/08/24 20:04:41.760, NVIDIA A800 80GB PCIe, 99 %, 20 %, 19239 MiB, 81920 MiB, 298.80 W
2026/08/24 20:04:42.760, NVIDIA A800 80GB PCIe, 97 %, 21 %, 19239 MiB, 81920 MiB, 295.55 W
2026/08/24 20:04:43.761, NVIDIA A800 80GB PCIe, 99 %, 21 %, 19239 MiB, 81920 MiB, 214.93 W
2026/08/24 20:04:44.762, NVIDIA A800 80GB PCIe, 98 %, 21 %, 19239 MiB, 81920 MiB, 309.66 W
2026/08/24 20:04:45.763, NVIDIA A800 80GB PCIe, 99 %, 20 %, 19239 MiB, 81920 MiB, 286.97 W
2026/08/24 20:04:46.764, NVIDIA A800 80GB PCIe, 99 %, 25 %, 19239 MiB, 81920 MiB, 283.07 W
2026/08/24 20:04:47.765, NVIDIA A800 80GB PCIe, 99 %, 20 %, 19239 MiB, 81920 MiB, 301.54 W
2026/08/24 20:04:48.767, NVIDIA A800 80GB PCIe, 98 %, 24 %, 19239 MiB, 81920 MiB, 303.83 W
2026/08/24 20:04:49.768, NVIDIA A800 80GB PCIe, 99 %, 20 %, 19239 MiB, 81920 MiB, 240.02 W
2026/08/24 20:04:50.769, NVIDIA A800 80GB PCIe, 97 %, 24 %, 19239 MiB, 81920 MiB, 300.70 W
2026/08/24 20:04:51.770, NVIDIA A800 80GB PCIe, 99 %, 20 %, 19239 MiB, 81920 MiB, 225.89 W
2026/08/24 20:04:52.771, NVIDIA A800 80GB PCIe, 97 %, 24 %, 19239 MiB, 81920 MiB, 300.33 W
2026/08/24 20:04:53.772, NVIDIA A800 80GB PCIe, 99 %, 20 %, 19239 MiB, 81920 MiB, 324.34 W
2026/08/24 20:04:54.773, NVIDIA A800 80GB PCIe, 96 %, 22 %, 19239 MiB, 81920 MiB, 302.37 W
2026/08/24 20:04:55.774, NVIDIA A800 80GB PCIe, 99 %, 20 %, 19239 MiB, 81920 MiB, 277.65 W
2026/08/24 20:04:56.775, NVIDIA A800 80GB PCIe, 98 %, 21 %, 19239 MiB, 81920 MiB, 296.21 W
2026/08/24 20:04:57.777, NVIDIA A800 80GB PCIe, 99 %, 21 %, 19239 MiB, 81920 MiB, 235.70 W
2026/08/24 20:04:58.778, NVIDIA A800 80GB PCIe, 100 %, 39 %, 19239 MiB, 81920 MiB, 279.79 W
2026/08/24 20:04:59.779, NVIDIA A800 80GB PCIe, 99 %, 23 %, 19239 MiB, 81920 MiB, 338.92 W
2026/08/24 20:05:00.780, NVIDIA A800 80GB PCIe, 98 %, 20 %, 19239 MiB, 81920 MiB, 307.85 W
2026/08/24 20:05:01.782, NVIDIA A800 80GB PCIe, 99 %, 24 %, 19239 MiB, 81920 MiB, 326.37 W
2026/08/24 20:05:02.783, NVIDIA A800 80GB PCIe, 98 %, 20 %, 19239 MiB, 81920 MiB, 293.80 W
2026/08/24 20:05:03.784, NVIDIA A800 80GB PCIe, 99 %, 25 %, 19239 MiB, 81920 MiB, 284.00 W
2026/08/24 20:05:04.785, NVIDIA A800 80GB PCIe, 99 %, 20 %, 19239 MiB, 81920 MiB, 295.02 W
2026/08/24 20:05:05.786, NVIDIA A800 80GB PCIe, 99 %, 25 %, 19239 MiB, 81920 MiB, 309.02 W
2026/08/24 20:05:06.788, NVIDIA A800 80GB PCIe, 99 %, 20 %, 19239 MiB, 81920 MiB, 316.82 W
2026/08/24 20:05:07.789, NVIDIA A800 80GB PCIe, 98 %, 24 %, 19239 MiB, 81920 MiB, 318.44 W
2026/08/24 20:05:08.790, NVIDIA A800 80GB PCIe, 94 %, 20 %, 19239 MiB, 81920 MiB, 299.98 W
2026/08/24 20:05:09.791, NVIDIA A800 80GB PCIe, 99 %, 22 %, 19239 MiB, 81920 MiB, 277.56 W
2026/08/24 20:05:10.793, NVIDIA A800 80GB PCIe, 98 %, 20 %, 19239 MiB, 81920 MiB, 288.86 W
2026/08/24 20:05:11.794, NVIDIA A800 80GB PCIe, 100 %, 23 %, 19239 MiB, 81920 MiB, 281.89 W
2026/08/24 20:05:12.795, NVIDIA A800 80GB PCIe, 98 %, 21 %, 19239 MiB, 81920 MiB, 307.15 W
2026/08/24 20:05:13.796, NVIDIA A800 80GB PCIe, 99 %, 23 %, 19239 MiB, 81920 MiB, 319.73 W
2026/08/24 20:05:14.798, NVIDIA A800 80GB PCIe, 99 %, 20 %, 19239 MiB, 81920 MiB, 291.36 W
2026/08/24 20:05:15.799, NVIDIA A800 80GB PCIe, 99 %, 25 %, 19239 MiB, 81920 MiB, 309.33 W
2026/08/24 20:05:16.800, NVIDIA A800 80GB PCIe, 98 %, 19 %, 19239 MiB, 81920 MiB, 308.72 W
2026/08/24 20:05:17.801, NVIDIA A800 80GB PCIe, 99 %, 25 %, 19239 MiB, 81920 MiB, 285.70 W
2026/08/24 20:05:18.802, NVIDIA A800 80GB PCIe, 99 %, 22 %, 19239 MiB, 81920 MiB, 313.72 W
2026/08/24 20:05:19.804, NVIDIA A800 80GB PCIe, 98 %, 21 %, 19239 MiB, 81920 MiB, 275.41 W
2026/08/24 20:05:20.805, NVIDIA A800 80GB PCIe, 100 %, 23 %, 19239 MiB, 81920 MiB, 291.93 W
2026/08/24 20:05:21.806, NVIDIA A800 80GB PCIe, 98 %, 20 %, 19239 MiB, 81920 MiB, 308.97 W
2026/08/24 20:05:22.807, NVIDIA A800 80GB PCIe, 99 %, 24 %, 19239 MiB, 81920 MiB, 224.12 W
2026/08/24 20:05:23.809, NVIDIA A800 80GB PCIe, 99 %, 20 %, 19239 MiB, 81920 MiB, 290.97 W
2026/08/24 20:05:24.810, NVIDIA A800 80GB PCIe, 99 %, 25 %, 19239 MiB, 81920 MiB, 278.04 W
2026/08/24 20:05:25.811, NVIDIA A800 80GB PCIe, 99 %, 20 %, 19239 MiB, 81920 MiB, 283.43 W
2026/08/24 20:05:26.812, NVIDIA A800 80GB PCIe, 99 %, 24 %, 19239 MiB, 81920 MiB, 313.55 W
2026/08/24 20:05:27.813, NVIDIA A800 80GB PCIe, 99 %, 20 %, 19239 MiB, 81920 MiB, 329.48 W
2026/08/24 20:05:28.815, NVIDIA A800 80GB PCIe, 98 %, 25 %, 19239 MiB, 81920 MiB, 280.38 W
2026/08/24 20:05:29.816, NVIDIA A800 80GB PCIe, 98 %, 20 %, 19239 MiB, 81920 MiB, 318.73 W
2026/08/24 20:05:30.817, NVIDIA A800 80GB PCIe, 98 %, 25 %, 19239 MiB, 81920 MiB, 223.02 W
2026/08/24 20:05:31.818, NVIDIA A800 80GB PCIe, 97 %, 21 %, 19239 MiB, 81920 MiB, 302.90 W
2026/08/24 20:05:32.820, NVIDIA A800 80GB PCIe, 85 %, 33 %, 19239 MiB, 81920 MiB, 81.64 W
2026/08/24 20:05:33.821, NVIDIA A800 80GB PCIe, 1 %, 0 %, 19239 MiB, 81920 MiB, 79.97 W
2026/08/24 20:05:34.822, NVIDIA A800 80GB PCIe, 0 %, 0 %, 19239 MiB, 81920 MiB, 78.74 W
2026/08/24 20:05:35.823, NVIDIA A800 80GB PCIe, 97 %, 20 %, 19239 MiB, 81920 MiB, 295.46 W
2026/08/24 20:05:36.825, NVIDIA A800 80GB PCIe, 99 %, 25 %, 19239 MiB, 81920 MiB, 279.10 W
2026/08/24 20:05:37.826, NVIDIA A800 80GB PCIe, 99 %, 20 %, 19239 MiB, 81920 MiB, 286.55 W
2026/08/24 20:05:38.827, NVIDIA A800 80GB PCIe, 99 %, 25 %, 19239 MiB, 81920 MiB, 290.16 W
2026/08/24 20:05:39.828, NVIDIA A800 80GB PCIe, 99 %, 20 %, 19239 MiB, 81920 MiB, 312.51 W
2026/08/24 20:05:40.829, NVIDIA A800 80GB PCIe, 98 %, 25 %, 19239 MiB, 81920 MiB, 301.94 W
2026/08/24 20:05:41.831, NVIDIA A800 80GB PCIe, 99 %, 20 %, 19239 MiB, 81920 MiB, 276.01 W
2026/08/24 20:05:42.832, NVIDIA A800 80GB PCIe, 98 %, 25 %, 19239 MiB, 81920 MiB, 303.35 W
2026/08/24 20:05:43.833, NVIDIA A800 80GB PCIe, 99 %, 20 %, 19239 MiB, 81920 MiB, 299.48 W
2026/08/24 20:05:44.834, NVIDIA A800 80GB PCIe, 97 %, 23 %, 19239 MiB, 81920 MiB, 292.05 W
2026/08/24 20:05:45.836, NVIDIA A800 80GB PCIe, 99 %, 20 %, 19239 MiB, 81920 MiB, 292.55 W
2026/08/24 20:05:46.837, NVIDIA A800 80GB PCIe, 97 %, 24 %, 19239 MiB, 81920 MiB, 304.34 W
2026/08/24 20:05:47.838, NVIDIA A800 80GB PCIe, 99 %, 19 %, 19239 MiB, 81920 MiB, 324.73 W
2026/08/24 20:05:48.839, NVIDIA A800 80GB PCIe, 96 %, 23 %, 19239 MiB, 81920 MiB, 308.34 W
2026/08/24 20:05:49.840, NVIDIA A800 80GB PCIe, 99 %, 20 %, 19239 MiB, 81920 MiB, 301.24 W
2026/08/24 20:05:50.840, NVIDIA A800 80GB PCIe, 96 %, 22 %, 19239 MiB, 81920 MiB, 303.93 W
2026/08/24 20:05:51.840, NVIDIA A800 80GB PCIe, 99 %, 20 %, 19239 MiB, 81920 MiB, 291.46 W
2026/08/24 20:05:52.840, NVIDIA A800 80GB PCIe, 97 %, 21 %, 19239 MiB, 81920 MiB, 283.64 W
2026/08/24 20:05:53.840, NVIDIA A800 80GB PCIe, 99 %, 21 %, 19239 MiB, 81920 MiB, 287.38 W
2026/08/24 20:05:54.840, NVIDIA A800 80GB PCIe, 96 %, 20 %, 19239 MiB, 81920 MiB, 284.00 W
2026/08/24 20:05:55.840, NVIDIA A800 80GB PCIe, 98 %, 19 %, 19239 MiB, 81920 MiB, 282.39 W
2026/08/24 20:05:56.841, NVIDIA A800 80GB PCIe, 98 %, 25 %, 19239 MiB, 81920 MiB, 283.32 W
2026/08/24 20:05:57.841, NVIDIA A800 80GB PCIe, 99 %, 20 %, 19239 MiB, 81920 MiB, 293.90 W
2026/08/24 20:05:58.841, NVIDIA A800 80GB PCIe, 98 %, 24 %, 19239 MiB, 81920 MiB, 291.43 W
2026/08/24 20:05:59.841, NVIDIA A800 80GB PCIe, 99 %, 20 %, 19239 MiB, 81920 MiB, 284.72 W
2026/08/24 20:06:00.841, NVIDIA A800 80GB PCIe, 97 %, 25 %, 19239 MiB, 81920 MiB, 296.53 W
2026/08/24 20:06:01.841, NVIDIA A800 80GB PCIe, 99 %, 20 %, 19239 MiB, 81920 MiB, 292.73 W
2026/08/24 20:06:02.841, NVIDIA A800 80GB PCIe, 97 %, 24 %, 19239 MiB, 81920 MiB, 290.01 W
2026/08/24 20:06:03.842, NVIDIA A800 80GB PCIe, 99 %, 20 %, 19239 MiB, 81920 MiB, 295.04 W
2026/08/24 20:06:04.842, NVIDIA A800 80GB PCIe, 96 %, 24 %, 19239 MiB, 81920 MiB, 284.17 W
2026/08/24 20:06:05.842, NVIDIA A800 80GB PCIe, 99 %, 20 %, 19239 MiB, 81920 MiB, 295.17 W
2026/08/24 20:06:06.842, NVIDIA A800 80GB PCIe, 97 %, 23 %, 19239 MiB, 81920 MiB, 297.93 W
2026/08/24 20:06:07.842, NVIDIA A800 80GB PCIe, 99 %, 20 %, 19239 MiB, 81920 MiB, 285.26 W
2026/08/24 20:06:08.842, NVIDIA A800 80GB PCIe, 100 %, 39 %, 19239 MiB, 81920 MiB, 289.36 W
2026/08/24 20:06:09.842, NVIDIA A800 80GB PCIe, 99 %, 22 %, 19239 MiB, 81920 MiB, 283.23 W
2026/08/24 20:06:10.843, NVIDIA A800 80GB PCIe, 98 %, 21 %, 19239 MiB, 81920 MiB, 269.68 W
2026/08/24 20:06:11.843, NVIDIA A800 80GB PCIe, 100 %, 22 %, 19239 MiB, 81920 MiB, 294.20 W
2026/08/24 20:06:12.843, NVIDIA A800 80GB PCIe, 98 %, 20 %, 19239 MiB, 81920 MiB, 302.90 W
2026/08/24 20:06:13.843, NVIDIA A800 80GB PCIe, 99 %, 24 %, 19239 MiB, 81920 MiB, 215.85 W
2026/08/24 20:06:14.843, NVIDIA A800 80GB PCIe, 98 %, 20 %, 19239 MiB, 81920 MiB, 294.30 W
2026/08/24 20:06:15.843, NVIDIA A800 80GB PCIe, 99 %, 25 %, 19239 MiB, 81920 MiB, 271.22 W
2026/08/24 20:06:16.843, NVIDIA A800 80GB PCIe, 98 %, 19 %, 19239 MiB, 81920 MiB, 301.41 W
2026/08/24 20:06:17.844, NVIDIA A800 80GB PCIe, 99 %, 25 %, 19239 MiB, 81920 MiB, 298.90 W
2026/08/24 20:06:18.844, NVIDIA A800 80GB PCIe, 99 %, 20 %, 19239 MiB, 81920 MiB, 276.50 W
2026/08/24 20:06:19.844, NVIDIA A800 80GB PCIe, 99 %, 20 %, 19239 MiB, 81920 MiB, 287.35 W
2026/08/24 20:06:20.844, NVIDIA A800 80GB PCIe, 97 %, 22 %, 19239 MiB, 81920 MiB, 302.72 W
2026/08/24 20:06:21.844, NVIDIA A800 80GB PCIe, 99 %, 20 %, 19239 MiB, 81920 MiB, 216.37 W
2026/08/24 20:06:22.844, NVIDIA A800 80GB PCIe, 98 %, 21 %, 19239 MiB, 81920 MiB, 301.74 W
2026/08/24 20:06:23.845, NVIDIA A800 80GB PCIe, 99 %, 21 %, 19239 MiB, 81920 MiB, 255.75 W
2026/08/24 20:06:24.845, NVIDIA A800 80GB PCIe, 97 %, 21 %, 19239 MiB, 81920 MiB, 300.82 W
2026/08/24 20:06:25.845, NVIDIA A800 80GB PCIe, 100 %, 22 %, 19239 MiB, 81920 MiB, 324.58 W
2026/08/24 20:06:26.845, NVIDIA A800 80GB PCIe, 98 %, 20 %, 19239 MiB, 81920 MiB, 297.37 W
2026/08/24 20:06:27.845, NVIDIA A800 80GB PCIe, 99 %, 23 %, 19239 MiB, 81920 MiB, 275.08 W
2026/08/24 20:06:28.845, NVIDIA A800 80GB PCIe, 98 %, 20 %, 19239 MiB, 81920 MiB, 292.67 W
2026/08/24 20:06:29.846, NVIDIA A800 80GB PCIe, 99 %, 23 %, 19239 MiB, 81920 MiB, 223.49 W
2026/08/24 20:06:30.846, NVIDIA A800 80GB PCIe, 99 %, 20 %, 19239 MiB, 81920 MiB, 286.59 W
2026/08/24 20:06:31.846, NVIDIA A800 80GB PCIe, 99 %, 25 %, 19239 MiB, 81920 MiB, 270.25 W
2026/08/24 20:06:32.846, NVIDIA A800 80GB PCIe, 98 %, 19 %, 19239 MiB, 81920 MiB, 309.18 W
2026/08/24 20:06:33.846, NVIDIA A800 80GB PCIe, 99 %, 26 %, 19239 MiB, 81920 MiB, 319.35 W
2026/08/24 20:06:34.846, NVIDIA A800 80GB PCIe, 98 %, 20 %, 19239 MiB, 81920 MiB, 288.43 W
2026/08/24 20:06:35.846, NVIDIA A800 80GB PCIe, 98 %, 25 %, 19239 MiB, 81920 MiB, 259.23 W
2026/08/24 20:06:36.847, NVIDIA A800 80GB PCIe, 99 %, 20 %, 19239 MiB, 81920 MiB, 286.71 W
2026/08/24 20:06:37.847, NVIDIA A800 80GB PCIe, 98 %, 25 %, 19239 MiB, 81920 MiB, 306.76 W
2026/08/24 20:06:38.847, NVIDIA A800 80GB PCIe, 99 %, 20 %, 19239 MiB, 81920 MiB, 287.93 W
2026/08/24 20:06:39.847, NVIDIA A800 80GB PCIe, 98 %, 25 %, 19239 MiB, 81920 MiB, 264.02 W
2026/08/24 20:06:40.847, NVIDIA A800 80GB PCIe, 99 %, 20 %, 19239 MiB, 81920 MiB, 312.07 W
2026/08/24 20:06:41.847, NVIDIA A800 80GB PCIe, 97 %, 24 %, 19239 MiB, 81920 MiB, 318.97 W
2026/08/24 20:06:42.848, NVIDIA A800 80GB PCIe, 100 %, 38 %, 19239 MiB, 81920 MiB, 265.64 W
2026/08/24 20:06:43.848, NVIDIA A800 80GB PCIe, 0 %, 0 %, 19239 MiB, 81920 MiB, 80.79 W
2026/08/24 20:06:44.848, NVIDIA A800 80GB PCIe, 0 %, 0 %, 19239 MiB, 81920 MiB, 79.38 W
2026/08/24 20:06:45.848, NVIDIA A800 80GB PCIe, 42 %, 10 %, 19239 MiB, 81920 MiB, 301.38 W
2026/08/24 20:06:46.848, NVIDIA A800 80GB PCIe, 99 %, 20 %, 19239 MiB, 81920 MiB, 295.15 W
2026/08/24 20:06:47.848, NVIDIA A800 80GB PCIe, 99 %, 25 %, 19239 MiB, 81920 MiB, 311.09 W
2026/08/24 20:06:48.848, NVIDIA A800 80GB PCIe, 99 %, 20 %, 19239 MiB, 81920 MiB, 300.55 W
2026/08/24 20:06:49.849, NVIDIA A800 80GB PCIe, 98 %, 24 %, 19239 MiB, 81920 MiB, 306.47 W
2026/08/24 20:06:50.849, NVIDIA A800 80GB PCIe, 99 %, 20 %, 19239 MiB, 81920 MiB, 286.96 W
2026/08/24 20:06:51.849, NVIDIA A800 80GB PCIe, 97 %, 24 %, 19239 MiB, 81920 MiB, 284.83 W
2026/08/24 20:06:52.849, NVIDIA A800 80GB PCIe, 99 %, 20 %, 19239 MiB, 81920 MiB, 300.89 W
2026/08/24 20:06:53.850, NVIDIA A800 80GB PCIe, 97 %, 24 %, 19239 MiB, 81920 MiB, 314.39 W
2026/08/24 20:06:54.852, NVIDIA A800 80GB PCIe, 99 %, 20 %, 19239 MiB, 81920 MiB, 289.51 W
2026/08/24 20:06:55.852, NVIDIA A800 80GB PCIe, 97 %, 23 %, 19239 MiB, 81920 MiB, 298.87 W
2026/08/24 20:06:56.852, NVIDIA A800 80GB PCIe, 99 %, 20 %, 19239 MiB, 81920 MiB, 299.35 W
2026/08/24 20:06:57.852, NVIDIA A800 80GB PCIe, 96 %, 21 %, 19239 MiB, 81920 MiB, 293.59 W
2026/08/24 20:06:58.852, NVIDIA A800 80GB PCIe, 99 %, 21 %, 19239 MiB, 81920 MiB, 295.37 W
2026/08/24 20:06:59.853, NVIDIA A800 80GB PCIe, 97 %, 21 %, 19239 MiB, 81920 MiB, 291.62 W
2026/08/24 20:07:00.853, NVIDIA A800 80GB PCIe, 99 %, 23 %, 19239 MiB, 81920 MiB, 299.66 W
2026/08/24 20:07:01.853, NVIDIA A800 80GB PCIe, 98 %, 20 %, 19239 MiB, 81920 MiB, 308.63 W
2026/08/24 20:07:02.853, NVIDIA A800 80GB PCIe, 99 %, 23 %, 19239 MiB, 81920 MiB, 245.80 W
2026/08/24 20:07:03.853, NVIDIA A800 80GB PCIe, 96 %, 20 %, 19239 MiB, 81920 MiB, 317.70 W
2026/08/24 20:07:04.853, NVIDIA A800 80GB PCIe, 99 %, 25 %, 19239 MiB, 81920 MiB, 297.00 W
2026/08/24 20:07:05.854, NVIDIA A800 80GB PCIe, 98 %, 20 %, 19239 MiB, 81920 MiB, 289.29 W
2026/08/24 20:07:06.854, NVIDIA A800 80GB PCIe, 99 %, 20 %, 19239 MiB, 81920 MiB, 307.16 W
2026/08/24 20:07:07.854, NVIDIA A800 80GB PCIe, 97 %, 23 %, 19239 MiB, 81920 MiB, 306.38 W
2026/08/24 20:07:08.854, NVIDIA A800 80GB PCIe, 99 %, 20 %, 19239 MiB, 81920 MiB, 249.64 W
2026/08/24 20:07:09.854, NVIDIA A800 80GB PCIe, 97 %, 21 %, 19239 MiB, 81920 MiB, 308.41 W
2026/08/24 20:07:10.854, NVIDIA A800 80GB PCIe, 99 %, 22 %, 19239 MiB, 81920 MiB, 255.74 W
2026/08/24 20:07:11.855, NVIDIA A800 80GB PCIe, 98 %, 21 %, 19239 MiB, 81920 MiB, 309.45 W
2026/08/24 20:07:12.855, NVIDIA A800 80GB PCIe, 99 %, 22 %, 19239 MiB, 81920 MiB, 324.43 W
2026/08/24 20:07:13.855, NVIDIA A800 80GB PCIe, 98 %, 20 %, 19239 MiB, 81920 MiB, 309.50 W
2026/08/24 20:07:14.855, NVIDIA A800 80GB PCIe, 99 %, 23 %, 19239 MiB, 81920 MiB, 289.38 W
2026/08/24 20:07:15.855, NVIDIA A800 80GB PCIe, 98 %, 20 %, 19239 MiB, 81920 MiB, 297.15 W
2026/08/24 20:07:16.855, NVIDIA A800 80GB PCIe, 99 %, 24 %, 19239 MiB, 81920 MiB, 228.01 W
2026/08/24 20:07:17.856, NVIDIA A800 80GB PCIe, 99 %, 20 %, 19239 MiB, 81920 MiB, 293.35 W
2026/08/24 20:07:18.856, NVIDIA A800 80GB PCIe, 99 %, 25 %, 19239 MiB, 81920 MiB, 294.25 W
2026/08/24 20:07:19.856, NVIDIA A800 80GB PCIe, 99 %, 20 %, 19239 MiB, 81920 MiB, 302.17 W
2026/08/24 20:07:20.856, NVIDIA A800 80GB PCIe, 98 %, 25 %, 19239 MiB, 81920 MiB, 308.46 W
2026/08/24 20:07:21.856, NVIDIA A800 80GB PCIe, 99 %, 20 %, 19239 MiB, 81920 MiB, 295.36 W
2026/08/24 20:07:22.856, NVIDIA A800 80GB PCIe, 97 %, 24 %, 19239 MiB, 81920 MiB, 281.71 W
2026/08/24 20:07:23.857, NVIDIA A800 80GB PCIe, 99 %, 20 %, 19239 MiB, 81920 MiB, 293.88 W
2026/08/24 20:07:24.857, NVIDIA A800 80GB PCIe, 97 %, 24 %, 19239 MiB, 81920 MiB, 307.37 W
2026/08/24 20:07:25.857, NVIDIA A800 80GB PCIe, 91 %, 19 %, 19239 MiB, 81920 MiB, 328.29 W
2026/08/24 20:07:26.857, NVIDIA A800 80GB PCIe, 97 %, 24 %, 19239 MiB, 81920 MiB, 320.40 W
2026/08/24 20:07:27.857, NVIDIA A800 80GB PCIe, 97 %, 19 %, 19239 MiB, 81920 MiB, 308.42 W
2026/08/24 20:07:28.857, NVIDIA A800 80GB PCIe, 97 %, 23 %, 19239 MiB, 81920 MiB, 320.33 W
2026/08/24 20:07:29.857, NVIDIA A800 80GB PCIe, 99 %, 20 %, 19239 MiB, 81920 MiB, 302.77 W
2026/08/24 20:07:30.858, NVIDIA A800 80GB PCIe, 99 %, 25 %, 19239 MiB, 81920 MiB, 281.17 W
2026/08/24 20:07:31.858, NVIDIA A800 80GB PCIe, 99 %, 19 %, 19239 MiB, 81920 MiB, 297.05 W
2026/08/24 20:07:32.858, NVIDIA A800 80GB PCIe, 99 %, 25 %, 19239 MiB, 81920 MiB, 309.30 W
2026/08/24 20:07:33.858, NVIDIA A800 80GB PCIe, 99 %, 20 %, 19239 MiB, 81920 MiB, 297.21 W
2026/08/24 20:07:34.858, NVIDIA A800 80GB PCIe, 98 %, 25 %, 19239 MiB, 81920 MiB, 299.04 W
2026/08/24 20:07:35.858, NVIDIA A800 80GB PCIe, 99 %, 20 %, 19239 MiB, 81920 MiB, 297.50 W
2026/08/24 20:07:36.858, NVIDIA A800 80GB PCIe, 98 %, 25 %, 19239 MiB, 81920 MiB, 280.19 W
2026/08/24 20:07:37.859, NVIDIA A800 80GB PCIe, 99 %, 20 %, 19239 MiB, 81920 MiB, 289.29 W
2026/08/24 20:07:38.859, NVIDIA A800 80GB PCIe, 97 %, 24 %, 19239 MiB, 81920 MiB, 289.25 W
2026/08/24 20:07:39.859, NVIDIA A800 80GB PCIe, 99 %, 20 %, 19239 MiB, 81920 MiB, 304.73 W
2026/08/24 20:07:40.859, NVIDIA A800 80GB PCIe, 97 %, 24 %, 19239 MiB, 81920 MiB, 290.76 W
2026/08/24 20:07:41.859, NVIDIA A800 80GB PCIe, 99 %, 20 %, 19239 MiB, 81920 MiB, 286.48 W
2026/08/24 20:07:42.859, NVIDIA A800 80GB PCIe, 97 %, 22 %, 19239 MiB, 81920 MiB, 283.33 W
2026/08/24 20:07:43.859, NVIDIA A800 80GB PCIe, 99 %, 20 %, 19239 MiB, 81920 MiB, 300.90 W
2026/08/24 20:07:44.860, NVIDIA A800 80GB PCIe, 98 %, 21 %, 19239 MiB, 81920 MiB, 283.52 W
2026/08/24 20:07:45.860, NVIDIA A800 80GB PCIe, 100 %, 21 %, 19239 MiB, 81920 MiB, 284.92 W
2026/08/24 20:07:46.860, NVIDIA A800 80GB PCIe, 97 %, 20 %, 19239 MiB, 81920 MiB, 269.15 W
2026/08/24 20:07:47.860, NVIDIA A800 80GB PCIe, 99 %, 22 %, 19239 MiB, 81920 MiB, 291.25 W
2026/08/24 20:07:48.860, NVIDIA A800 80GB PCIe, 98 %, 20 %, 19239 MiB, 81920 MiB, 294.96 W
2026/08/24 20:07:49.860, NVIDIA A800 80GB PCIe, 99 %, 23 %, 19239 MiB, 81920 MiB, 222.16 W
2026/08/24 20:07:50.860, NVIDIA A800 80GB PCIe, 99 %, 20 %, 19239 MiB, 81920 MiB, 296.48 W
2026/08/24 20:07:51.861, NVIDIA A800 80GB PCIe, 99 %, 25 %, 19239 MiB, 81920 MiB, 313.06 W
2026/08/24 20:07:52.861, NVIDIA A800 80GB PCIe, 100 %, 38 %, 19239 MiB, 81920 MiB, 284.58 W
2026/08/24 20:07:53.861, NVIDIA A800 80GB PCIe, 0 %, 0 %, 19239 MiB, 81920 MiB, 81.26 W
2026/08/24 20:07:54.861, NVIDIA A800 80GB PCIe, 0 %, 0 %, 19239 MiB, 81920 MiB, 80.17 W
2026/08/24 20:07:55.861, NVIDIA A800 80GB PCIe, 0 %, 0 %, 19239 MiB, 81920 MiB, 78.12 W
2026/08/24 20:07:56.861, NVIDIA A800 80GB PCIe, 97 %, 24 %, 19239 MiB, 81920 MiB, 285.89 W
2026/08/24 20:07:57.861, NVIDIA A800 80GB PCIe, 99 %, 20 %, 19239 MiB, 81920 MiB, 315.08 W
2026/08/24 20:07:58.862, NVIDIA A800 80GB PCIe, 96 %, 24 %, 19239 MiB, 81920 MiB, 287.38 W
2026/08/24 20:07:59.862, NVIDIA A800 80GB PCIe, 99 %, 20 %, 19239 MiB, 81920 MiB, 253.54 W
2026/08/24 20:08:00.862, NVIDIA A800 80GB PCIe, 97 %, 22 %, 19239 MiB, 81920 MiB, 318.45 W
2026/08/24 20:08:01.862, NVIDIA A800 80GB PCIe, 99 %, 20 %, 19239 MiB, 81920 MiB, 231.96 W
2026/08/24 20:08:02.862, NVIDIA A800 80GB PCIe, 98 %, 21 %, 19239 MiB, 81920 MiB, 300.78 W
2026/08/24 20:08:03.862, NVIDIA A800 80GB PCIe, 100 %, 21 %, 19239 MiB, 81920 MiB, 320.53 W
2026/08/24 20:08:04.862, NVIDIA A800 80GB PCIe, 97 %, 20 %, 19239 MiB, 81920 MiB, 287.00 W
2026/08/24 20:08:05.863, NVIDIA A800 80GB PCIe, 100 %, 23 %, 19239 MiB, 81920 MiB, 259.33 W
2026/08/24 20:08:06.863, NVIDIA A800 80GB PCIe, 98 %, 21 %, 19239 MiB, 81920 MiB, 300.22 W
2026/08/24 20:08:07.863, NVIDIA A800 80GB PCIe, 99 %, 24 %, 19239 MiB, 81920 MiB, 235.55 W
2026/08/24 20:08:08.863, NVIDIA A800 80GB PCIe, 99 %, 20 %, 19239 MiB, 81920 MiB, 305.13 W
2026/08/24 20:08:09.863, NVIDIA A800 80GB PCIe, 98 %, 25 %, 19239 MiB, 81920 MiB, 319.74 W
2026/08/24 20:08:10.863, NVIDIA A800 80GB PCIe, 99 %, 20 %, 19239 MiB, 81920 MiB, 338.41 W
2026/08/24 20:08:11.863, NVIDIA A800 80GB PCIe, 99 %, 25 %, 19239 MiB, 81920 MiB, 304.61 W
2026/08/24 20:08:12.864, NVIDIA A800 80GB PCIe, 99 %, 20 %, 19239 MiB, 81920 MiB, 315.06 W
2026/08/24 20:08:13.864, NVIDIA A800 80GB PCIe, 98 %, 24 %, 19239 MiB, 81920 MiB, 268.94 W
2026/08/24 20:08:14.864, NVIDIA A800 80GB PCIe, 99 %, 20 %, 19239 MiB, 81920 MiB, 302.38 W
2026/08/24 20:08:15.864, NVIDIA A800 80GB PCIe, 97 %, 24 %, 19239 MiB, 81920 MiB, 312.81 W
2026/08/24 20:08:16.864, NVIDIA A800 80GB PCIe, 99 %, 20 %, 19239 MiB, 81920 MiB, 334.42 W
2026/08/24 20:08:17.864, NVIDIA A800 80GB PCIe, 97 %, 24 %, 19239 MiB, 81920 MiB, 303.75 W
2026/08/24 20:08:18.864, NVIDIA A800 80GB PCIe, 99 %, 20 %, 19239 MiB, 81920 MiB, 308.01 W
2026/08/24 20:08:19.865, NVIDIA A800 80GB PCIe, 97 %, 23 %, 19239 MiB, 81920 MiB, 317.80 W
2026/08/24 20:08:20.865, NVIDIA A800 80GB PCIe, 99 %, 20 %, 19239 MiB, 81920 MiB, 296.53 W
2026/08/24 20:08:21.865, NVIDIA A800 80GB PCIe, 98 %, 25 %, 19239 MiB, 81920 MiB, 285.59 W
2026/08/24 20:08:22.865, NVIDIA A800 80GB PCIe, 98 %, 19 %, 19239 MiB, 81920 MiB, 298.02 W
2026/08/24 20:08:23.865, NVIDIA A800 80GB PCIe, 99 %, 25 %, 19239 MiB, 81920 MiB, 310.00 W
2026/08/24 20:08:24.865, NVIDIA A800 80GB PCIe, 99 %, 19 %, 19239 MiB, 81920 MiB, 298.76 W
2026/08/24 20:08:25.866, NVIDIA A800 80GB PCIe, 98 %, 24 %, 19239 MiB, 81920 MiB, 305.40 W
2026/08/24 20:08:26.866, NVIDIA A800 80GB PCIe, 99 %, 20 %, 19239 MiB, 81920 MiB, 297.24 W
2026/08/24 20:08:27.866, NVIDIA A800 80GB PCIe, 98 %, 25 %, 19239 MiB, 81920 MiB, 287.56 W
2026/08/24 20:08:28.866, NVIDIA A800 80GB PCIe, 99 %, 20 %, 19239 MiB, 81920 MiB, 289.93 W
2026/08/24 20:08:29.866, NVIDIA A800 80GB PCIe, 96 %, 25 %, 19239 MiB, 81920 MiB, 297.50 W
2026/08/24 20:08:30.866, NVIDIA A800 80GB PCIe, 99 %, 20 %, 19239 MiB, 81920 MiB, 293.91 W
2026/08/24 20:08:31.867, NVIDIA A800 80GB PCIe, 96 %, 23 %, 19239 MiB, 81920 MiB, 305.50 W
2026/08/24 20:08:32.867, NVIDIA A800 80GB PCIe, 99 %, 20 %, 19239 MiB, 81920 MiB, 301.81 W
2026/08/24 20:08:33.868, NVIDIA A800 80GB PCIe, 98 %, 21 %, 19239 MiB, 81920 MiB, 290.38 W
2026/08/24 20:08:34.868, NVIDIA A800 80GB PCIe, 99 %, 21 %, 19239 MiB, 81920 MiB, 313.62 W
2026/08/24 20:08:35.868, NVIDIA A800 80GB PCIe, 98 %, 21 %, 19239 MiB, 81920 MiB, 275.83 W
2026/08/24 20:08:36.868, NVIDIA A800 80GB PCIe, 100 %, 22 %, 19239 MiB, 81920 MiB, 291.07 W
2026/08/24 20:08:37.868, NVIDIA A800 80GB PCIe, 98 %, 20 %, 19239 MiB, 81920 MiB, 311.22 W
2026/08/24 20:08:38.868, NVIDIA A800 80GB PCIe, 100 %, 23 %, 19239 MiB, 81920 MiB, 224.97 W
2026/08/24 20:08:39.868, NVIDIA A800 80GB PCIe, 98 %, 20 %, 19239 MiB, 81920 MiB, 281.89 W
2026/08/24 20:08:40.869, NVIDIA A800 80GB PCIe, 99 %, 24 %, 19239 MiB, 81920 MiB, 288.22 W
2026/08/24 20:08:41.869, NVIDIA A800 80GB PCIe, 98 %, 20 %, 19239 MiB, 81920 MiB, 277.54 W
2026/08/24 20:08:42.869, NVIDIA A800 80GB PCIe, 99 %, 26 %, 19239 MiB, 81920 MiB, 289.41 W
2026/08/24 20:08:43.869, NVIDIA A800 80GB PCIe, 97 %, 23 %, 19239 MiB, 81920 MiB, 302.64 W
2026/08/24 20:08:44.869, NVIDIA A800 80GB PCIe, 99 %, 20 %, 19239 MiB, 81920 MiB, 222.12 W
2026/08/24 20:08:45.869, NVIDIA A800 80GB PCIe, 97 %, 21 %, 19239 MiB, 81920 MiB, 290.78 W
2026/08/24 20:08:46.870, NVIDIA A800 80GB PCIe, 99 %, 21 %, 19239 MiB, 81920 MiB, 289.53 W
2026/08/24 20:08:47.870, NVIDIA A800 80GB PCIe, 98 %, 21 %, 19239 MiB, 81920 MiB, 320.17 W
2026/08/24 20:08:48.870, NVIDIA A800 80GB PCIe, 99 %, 21 %, 19239 MiB, 81920 MiB, 332.29 W
2026/08/24 20:08:49.870, NVIDIA A800 80GB PCIe, 97 %, 20 %, 19239 MiB, 81920 MiB, 328.35 W
2026/08/24 20:08:50.870, NVIDIA A800 80GB PCIe, 99 %, 22 %, 19239 MiB, 81920 MiB, 278.24 W
2026/08/24 20:08:51.870, NVIDIA A800 80GB PCIe, 98 %, 20 %, 19239 MiB, 81920 MiB, 288.76 W
2026/08/24 20:08:52.871, NVIDIA A800 80GB PCIe, 93 %, 22 %, 19239 MiB, 81920 MiB, 242.19 W
2026/08/24 20:08:53.871, NVIDIA A800 80GB PCIe, 98 %, 20 %, 19239 MiB, 81920 MiB, 299.76 W
2026/08/24 20:08:54.871, NVIDIA A800 80GB PCIe, 99 %, 24 %, 19239 MiB, 81920 MiB, 274.46 W
2026/08/24 20:08:55.871, NVIDIA A800 80GB PCIe, 99 %, 20 %, 19239 MiB, 81920 MiB, 296.74 W
2026/08/24 20:08:56.871, NVIDIA A800 80GB PCIe, 99 %, 25 %, 19239 MiB, 81920 MiB, 325.80 W
2026/08/24 20:08:57.871, NVIDIA A800 80GB PCIe, 99 %, 20 %, 19239 MiB, 81920 MiB, 327.75 W
2026/08/24 20:08:58.872, NVIDIA A800 80GB PCIe, 99 %, 25 %, 19239 MiB, 81920 MiB, 281.89 W
2026/08/24 20:08:59.872, NVIDIA A800 80GB PCIe, 99 %, 19 %, 19239 MiB, 81920 MiB, 316.12 W
2026/08/24 20:09:00.872, NVIDIA A800 80GB PCIe, 98 %, 25 %, 19239 MiB, 81920 MiB, 327.83 W
2026/08/24 20:09:01.872, NVIDIA A800 80GB PCIe, 99 %, 20 %, 19239 MiB, 81920 MiB, 295.47 W
2026/08/24 20:09:02.872, NVIDIA A800 80GB PCIe, 99 %, 31 %, 19239 MiB, 81920 MiB, 310.67 W
2026/08/24 20:09:03.872, NVIDIA A800 80GB PCIe, 0 %, 0 %, 19239 MiB, 81920 MiB, 82.05 W
2026/08/24 20:09:04.872, NVIDIA A800 80GB PCIe, 0 %, 0 %, 19239 MiB, 81920 MiB, 79.80 W
2026/08/24 20:09:05.873, NVIDIA A800 80GB PCIe, 1 %, 0 %, 19239 MiB, 81920 MiB, 78.69 W
2026/08/24 20:09:06.873, NVIDIA A800 80GB PCIe, 97 %, 24 %, 19239 MiB, 81920 MiB, 302.30 W
2026/08/24 20:09:07.873, NVIDIA A800 80GB PCIe, 99 %, 20 %, 19239 MiB, 81920 MiB, 296.02 W
2026/08/24 20:09:08.873, NVIDIA A800 80GB PCIe, 97 %, 23 %, 19239 MiB, 81920 MiB, 298.75 W
2026/08/24 20:09:09.873, NVIDIA A800 80GB PCIe, 98 %, 20 %, 19239 MiB, 81920 MiB, 294.43 W
2026/08/24 20:09:10.873, NVIDIA A800 80GB PCIe, 99 %, 25 %, 19239 MiB, 81920 MiB, 322.48 W
2026/08/24 20:09:11.873, NVIDIA A800 80GB PCIe, 98 %, 20 %, 19239 MiB, 81920 MiB, 315.26 W
2026/08/24 20:09:12.874, NVIDIA A800 80GB PCIe, 96 %, 25 %, 19239 MiB, 81920 MiB, 297.19 W
2026/08/24 20:09:13.874, NVIDIA A800 80GB PCIe, 99 %, 20 %, 19239 MiB, 81920 MiB, 296.05 W
2026/08/24 20:09:14.874, NVIDIA A800 80GB PCIe, 98 %, 24 %, 19239 MiB, 81920 MiB, 291.76 W
2026/08/24 20:09:15.874, NVIDIA A800 80GB PCIe, 99 %, 20 %, 19239 MiB, 81920 MiB, 287.94 W
2026/08/24 20:09:16.874, NVIDIA A800 80GB PCIe, 97 %, 24 %, 19239 MiB, 81920 MiB, 285.20 W
2026/08/24 20:09:17.874, NVIDIA A800 80GB PCIe, 99 %, 20 %, 19239 MiB, 81920 MiB, 305.59 W
2026/08/24 20:09:18.875, NVIDIA A800 80GB PCIe, 97 %, 24 %, 19239 MiB, 81920 MiB, 302.77 W
2026/08/24 20:09:19.875, NVIDIA A800 80GB PCIe, 99 %, 20 %, 19239 MiB, 81920 MiB, 286.76 W
2026/08/24 20:09:20.875, NVIDIA A800 80GB PCIe, 97 %, 22 %, 19239 MiB, 81920 MiB, 285.51 W
2026/08/24 20:09:21.875, NVIDIA A800 80GB PCIe, 99 %, 20 %, 19239 MiB, 81920 MiB, 288.63 W
2026/08/24 20:09:22.875, NVIDIA A800 80GB PCIe, 98 %, 21 %, 19239 MiB, 81920 MiB, 277.50 W
2026/08/24 20:09:23.875, NVIDIA A800 80GB PCIe, 99 %, 21 %, 19239 MiB, 81920 MiB, 301.20 W
2026/08/24 20:09:24.876, NVIDIA A800 80GB PCIe, 97 %, 21 %, 19239 MiB, 81920 MiB, 292.30 W
2026/08/24 20:09:25.876, NVIDIA A800 80GB PCIe, 100 %, 22 %, 19239 MiB, 81920 MiB, 250.61 W
2026/08/24 20:09:26.876, NVIDIA A800 80GB PCIe, 98 %, 20 %, 19239 MiB, 81920 MiB, 297.11 W
2026/08/24 20:09:27.876, NVIDIA A800 80GB PCIe, 100 %, 23 %, 19239 MiB, 81920 MiB, 294.27 W
2026/08/24 20:09:28.876, NVIDIA A800 80GB PCIe, 98 %, 20 %, 19239 MiB, 81920 MiB, 288.12 W
2026/08/24 20:09:29.876, NVIDIA A800 80GB PCIe, 99 %, 25 %, 19239 MiB, 81920 MiB, 315.65 W
2026/08/24 20:09:30.876, NVIDIA A800 80GB PCIe, 98 %, 19 %, 19239 MiB, 81920 MiB, 287.72 W
2026/08/24 20:09:31.877, NVIDIA A800 80GB PCIe, 99 %, 26 %, 19239 MiB, 81920 MiB, 283.40 W
2026/08/24 20:09:32.877, NVIDIA A800 80GB PCIe, 97 %, 23 %, 19239 MiB, 81920 MiB, 299.15 W
2026/08/24 20:09:33.877, NVIDIA A800 80GB PCIe, 99 %, 20 %, 19239 MiB, 81920 MiB, 228.79 W
2026/08/24 20:09:34.877, NVIDIA A800 80GB PCIe, 98 %, 21 %, 19239 MiB, 81920 MiB, 280.59 W
2026/08/24 20:09:35.877, NVIDIA A800 80GB PCIe, 99 %, 21 %, 19239 MiB, 81920 MiB, 323.56 W
2026/08/24 20:09:36.877, NVIDIA A800 80GB PCIe, 98 %, 21 %, 19239 MiB, 81920 MiB, 292.79 W
2026/08/24 20:09:37.878, NVIDIA A800 80GB PCIe, 99 %, 23 %, 19239 MiB, 81920 MiB, 283.53 W
2026/08/24 20:09:38.878, NVIDIA A800 80GB PCIe, 98 %, 20 %, 19239 MiB, 81920 MiB, 296.05 W
2026/08/24 20:09:39.878, NVIDIA A800 80GB PCIe, 99 %, 34 %, 19239 MiB, 81920 MiB, 323.04 W
2026/08/24 20:09:40.878, NVIDIA A800 80GB PCIe, 98 %, 20 %, 19239 MiB, 81920 MiB, 293.92 W
2026/08/24 20:09:41.878, NVIDIA A800 80GB PCIe, 99 %, 25 %, 19239 MiB, 81920 MiB, 273.58 W
2026/08/24 20:09:42.878, NVIDIA A800 80GB PCIe, 99 %, 20 %, 19239 MiB, 81920 MiB, 312.90 W
2026/08/24 20:09:43.878, NVIDIA A800 80GB PCIe, 99 %, 25 %, 19239 MiB, 81920 MiB, 302.65 W
2026/08/24 20:09:44.879, NVIDIA A800 80GB PCIe, 99 %, 20 %, 19239 MiB, 81920 MiB, 301.98 W
2026/08/24 20:09:45.879, NVIDIA A800 80GB PCIe, 98 %, 24 %, 19239 MiB, 81920 MiB, 283.73 W
2026/08/24 20:09:46.879, NVIDIA A800 80GB PCIe, 99 %, 20 %, 19239 MiB, 81920 MiB, 294.94 W
2026/08/24 20:09:47.879, NVIDIA A800 80GB PCIe, 97 %, 24 %, 19239 MiB, 81920 MiB, 304.99 W
2026/08/24 20:09:48.879, NVIDIA A800 80GB PCIe, 99 %, 20 %, 19239 MiB, 81920 MiB, 301.88 W
2026/08/24 20:09:49.879, NVIDIA A800 80GB PCIe, 97 %, 24 %, 19239 MiB, 81920 MiB, 308.05 W
2026/08/24 20:09:50.880, NVIDIA A800 80GB PCIe, 99 %, 19 %, 19239 MiB, 81920 MiB, 290.38 W
2026/08/24 20:09:51.880, NVIDIA A800 80GB PCIe, 97 %, 23 %, 19239 MiB, 81920 MiB, 274.99 W
2026/08/24 20:09:52.880, NVIDIA A800 80GB PCIe, 99 %, 20 %, 19239 MiB, 81920 MiB, 289.40 W
2026/08/24 20:09:53.880, NVIDIA A800 80GB PCIe, 98 %, 21 %, 19239 MiB, 81920 MiB, 294.66 W
2026/08/24 20:09:54.880, NVIDIA A800 80GB PCIe, 99 %, 20 %, 19239 MiB, 81920 MiB, 297.50 W
2026/08/24 20:09:55.880, NVIDIA A800 80GB PCIe, 98 %, 25 %, 19239 MiB, 81920 MiB, 299.65 W
2026/08/24 20:09:56.881, NVIDIA A800 80GB PCIe, 99 %, 19 %, 19239 MiB, 81920 MiB, 305.91 W
2026/08/24 20:09:57.881, NVIDIA A800 80GB PCIe, 99 %, 25 %, 19239 MiB, 81920 MiB, 304.69 W
2026/08/24 20:09:58.881, NVIDIA A800 80GB PCIe, 99 %, 20 %, 19239 MiB, 81920 MiB, 307.35 W
2026/08/24 20:09:59.881, NVIDIA A800 80GB PCIe, 98 %, 24 %, 19239 MiB, 81920 MiB, 278.86 W
2026/08/24 20:10:00.881, NVIDIA A800 80GB PCIe, 99 %, 20 %, 19239 MiB, 81920 MiB, 286.74 W
2026/08/24 20:10:01.881, NVIDIA A800 80GB PCIe, 98 %, 24 %, 19239 MiB, 81920 MiB, 296.24 W
2026/08/24 20:10:02.882, NVIDIA A800 80GB PCIe, 99 %, 20 %, 19239 MiB, 81920 MiB, 306.19 W
2026/08/24 20:10:03.882, NVIDIA A800 80GB PCIe, 97 %, 24 %, 19239 MiB, 81920 MiB, 288.75 W
2026/08/24 20:10:04.882, NVIDIA A800 80GB PCIe, 99 %, 20 %, 19239 MiB, 81920 MiB, 281.19 W
2026/08/24 20:10:05.882, NVIDIA A800 80GB PCIe, 97 %, 23 %, 19239 MiB, 81920 MiB, 282.88 W
2026/08/24 20:10:06.882, NVIDIA A800 80GB PCIe, 99 %, 20 %, 19239 MiB, 81920 MiB, 294.01 W
2026/08/24 20:10:07.882, NVIDIA A800 80GB PCIe, 97 %, 21 %, 19239 MiB, 81920 MiB, 285.21 W
2026/08/24 20:10:08.882, NVIDIA A800 80GB PCIe, 99 %, 21 %, 19239 MiB, 81920 MiB, 298.19 W
2026/08/24 20:10:09.882, NVIDIA A800 80GB PCIe, 97 %, 21 %, 19239 MiB, 81920 MiB, 281.38 W
2026/08/24 20:10:10.883, NVIDIA A800 80GB PCIe, 99 %, 22 %, 19239 MiB, 81920 MiB, 303.36 W
2026/08/24 20:10:11.883, NVIDIA A800 80GB PCIe, 98 %, 20 %, 19239 MiB, 81920 MiB, 298.13 W
2026/08/24 20:10:12.883, NVIDIA A800 80GB PCIe, 99 %, 23 %, 19239 MiB, 81920 MiB, 222.16 W
2026/08/24 20:10:13.883, NVIDIA A800 80GB PCIe, 0 %, 0 %, 19239 MiB, 81920 MiB, 82.61 W
2026/08/24 20:10:14.883, NVIDIA A800 80GB PCIe, 0 %, 0 %, 19239 MiB, 81920 MiB, 80.89 W
2026/08/24 20:10:15.883, NVIDIA A800 80GB PCIe, 0 %, 0 %, 19239 MiB, 81920 MiB, 78.88 W
2026/08/24 20:10:16.883, NVIDIA A800 80GB PCIe, 98 %, 26 %, 19239 MiB, 81920 MiB, 253.69 W
2026/08/24 20:10:17.884, NVIDIA A800 80GB PCIe, 98 %, 20 %, 19239 MiB, 81920 MiB, 303.54 W
2026/08/24 20:10:18.884, NVIDIA A800 80GB PCIe, 99 %, 25 %, 19239 MiB, 81920 MiB, 232.04 W
2026/08/24 20:10:19.884, NVIDIA A800 80GB PCIe, 98 %, 21 %, 19239 MiB, 81920 MiB, 309.16 W
2026/08/24 20:10:20.884, NVIDIA A800 80GB PCIe, 99 %, 21 %, 19239 MiB, 81920 MiB, 331.60 W
2026/08/24 20:10:21.884, NVIDIA A800 80GB PCIe, 98 %, 21 %, 19239 MiB, 81920 MiB, 322.10 W
2026/08/24 20:10:22.884, NVIDIA A800 80GB PCIe, 99 %, 22 %, 19239 MiB, 81920 MiB, 307.86 W
2026/08/24 20:10:23.885, NVIDIA A800 80GB PCIe, 98 %, 20 %, 19239 MiB, 81920 MiB, 299.94 W
2026/08/24 20:10:24.885, NVIDIA A800 80GB PCIe, 99 %, 23 %, 19239 MiB, 81920 MiB, 228.81 W
2026/08/24 20:10:25.885, NVIDIA A800 80GB PCIe, 98 %, 21 %, 19239 MiB, 81920 MiB, 293.75 W
2026/08/24 20:10:26.885, NVIDIA A800 80GB PCIe, 99 %, 24 %, 19239 MiB, 81920 MiB, 308.44 W
2026/08/24 20:10:27.885, NVIDIA A800 80GB PCIe, 99 %, 20 %, 19239 MiB, 81920 MiB, 291.33 W
2026/08/24 20:10:28.886, NVIDIA A800 80GB PCIe, 99 %, 25 %, 19239 MiB, 81920 MiB, 300.46 W
2026/08/24 20:10:29.886, NVIDIA A800 80GB PCIe, 99 %, 20 %, 19239 MiB, 81920 MiB, 311.51 W
2026/08/24 20:10:30.886, NVIDIA A800 80GB PCIe, 99 %, 24 %, 19239 MiB, 81920 MiB, 320.02 W
2026/08/24 20:10:31.886, NVIDIA A800 80GB PCIe, 98 %, 19 %, 19239 MiB, 81920 MiB, 315.63 W
2026/08/24 20:10:32.886, NVIDIA A800 80GB PCIe, 98 %, 24 %, 19239 MiB, 81920 MiB, 263.28 W
2026/08/24 20:10:33.886, NVIDIA A800 80GB PCIe, 99 %, 20 %, 19239 MiB, 81920 MiB, 303.55 W
2026/08/24 20:10:34.887, NVIDIA A800 80GB PCIe, 97 %, 24 %, 19239 MiB, 81920 MiB, 317.69 W
2026/08/24 20:10:35.887, NVIDIA A800 80GB PCIe, 99 %, 20 %, 19239 MiB, 81920 MiB, 292.94 W
2026/08/24 20:10:36.887, NVIDIA A800 80GB PCIe, 97 %, 24 %, 19239 MiB, 81920 MiB, 277.77 W
2026/08/24 20:10:37.887, NVIDIA A800 80GB PCIe, 99 %, 20 %, 19239 MiB, 81920 MiB, 309.47 W
2026/08/24 20:10:38.887, NVIDIA A800 80GB PCIe, 97 %, 24 %, 19239 MiB, 81920 MiB, 308.33 W
2026/08/24 20:10:39.887, NVIDIA A800 80GB PCIe, 99 %, 20 %, 19239 MiB, 81920 MiB, 295.18 W
2026/08/24 20:10:40.888, NVIDIA A800 80GB PCIe, 97 %, 23 %, 19239 MiB, 81920 MiB, 289.19 W
2026/08/24 20:10:41.888, NVIDIA A800 80GB PCIe, 99 %, 20 %, 19239 MiB, 81920 MiB, 295.35 W
2026/08/24 20:10:42.888, NVIDIA A800 80GB PCIe, 98 %, 25 %, 19239 MiB, 81920 MiB, 309.72 W
2026/08/24 20:10:43.888, NVIDIA A800 80GB PCIe, 99 %, 19 %, 19239 MiB, 81920 MiB, 322.21 W
2026/08/24 20:10:44.888, NVIDIA A800 80GB PCIe, 99 %, 24 %, 19239 MiB, 81920 MiB, 296.34 W
2026/08/24 20:10:45.888, NVIDIA A800 80GB PCIe, 99 %, 19 %, 19239 MiB, 81920 MiB, 302.83 W
2026/08/24 20:10:46.889, NVIDIA A800 80GB PCIe, 98 %, 25 %, 19239 MiB, 81920 MiB, 285.87 W
2026/08/24 20:10:47.889, NVIDIA A800 80GB PCIe, 99 %, 20 %, 19239 MiB, 81920 MiB, 294.57 W
2026/08/24 20:10:48.889, NVIDIA A800 80GB PCIe, 98 %, 25 %, 19239 MiB, 81920 MiB, 306.37 W
2026/08/24 20:10:49.889, NVIDIA A800 80GB PCIe, 100 %, 39 %, 19239 MiB, 81920 MiB, 319.21 W
2026/08/24 20:10:50.889, NVIDIA A800 80GB PCIe, 97 %, 23 %, 19239 MiB, 81920 MiB, 293.52 W
2026/08/24 20:10:51.889, NVIDIA A800 80GB PCIe, 99 %, 20 %, 19239 MiB, 81920 MiB, 295.97 W
2026/08/24 20:10:52.889, NVIDIA A800 80GB PCIe, 97 %, 22 %, 19239 MiB, 81920 MiB, 292.08 W
2026/08/24 20:10:53.890, NVIDIA A800 80GB PCIe, 99 %, 21 %, 19239 MiB, 81920 MiB, 316.16 W
2026/08/24 20:10:54.890, NVIDIA A800 80GB PCIe, 97 %, 20 %, 19239 MiB, 81920 MiB, 284.09 W
2026/08/24 20:10:55.890, NVIDIA A800 80GB PCIe, 99 %, 22 %, 19239 MiB, 81920 MiB, 277.40 W
2026/08/24 20:10:56.890, NVIDIA A800 80GB PCIe, 97 %, 20 %, 19239 MiB, 81920 MiB, 288.11 W
2026/08/24 20:10:57.890, NVIDIA A800 80GB PCIe, 100 %, 23 %, 19239 MiB, 81920 MiB, 225.36 W
2026/08/24 20:10:58.890, NVIDIA A800 80GB PCIe, 98 %, 20 %, 19239 MiB, 81920 MiB, 289.31 W
2026/08/24 20:10:59.891, NVIDIA A800 80GB PCIe, 99 %, 23 %, 19239 MiB, 81920 MiB, 310.59 W
2026/08/24 20:11:00.891, NVIDIA A800 80GB PCIe, 99 %, 20 %, 19239 MiB, 81920 MiB, 286.15 W
2026/08/24 20:11:01.891, NVIDIA A800 80GB PCIe, 99 %, 25 %, 19239 MiB, 81920 MiB, 290.95 W
2026/08/24 20:11:02.891, NVIDIA A800 80GB PCIe, 98 %, 19 %, 19239 MiB, 81920 MiB, 306.31 W
2026/08/24 20:11:03.891, NVIDIA A800 80GB PCIe, 99 %, 25 %, 19239 MiB, 81920 MiB, 234.37 W
2026/08/24 20:11:04.891, NVIDIA A800 80GB PCIe, 98 %, 19 %, 19239 MiB, 81920 MiB, 300.64 W
2026/08/24 20:11:05.891, NVIDIA A800 80GB PCIe, 99 %, 20 %, 19239 MiB, 81920 MiB, 272.77 W
2026/08/24 20:11:06.892, NVIDIA A800 80GB PCIe, 98 %, 21 %, 19239 MiB, 81920 MiB, 308.21 W
2026/08/24 20:11:07.892, NVIDIA A800 80GB PCIe, 99 %, 21 %, 19239 MiB, 81920 MiB, 325.23 W
2026/08/24 20:11:08.892, NVIDIA A800 80GB PCIe, 98 %, 21 %, 19239 MiB, 81920 MiB, 326.54 W
2026/08/24 20:11:09.892, NVIDIA A800 80GB PCIe, 99 %, 22 %, 19239 MiB, 81920 MiB, 276.36 W
2026/08/24 20:11:10.892, NVIDIA A800 80GB PCIe, 98 %, 21 %, 19239 MiB, 81920 MiB, 310.37 W
2026/08/24 20:11:11.892, NVIDIA A800 80GB PCIe, 100 %, 22 %, 19239 MiB, 81920 MiB, 229.86 W
2026/08/24 20:11:12.893, NVIDIA A800 80GB PCIe, 98 %, 21 %, 19239 MiB, 81920 MiB, 287.06 W
2026/08/24 20:11:13.893, NVIDIA A800 80GB PCIe, 99 %, 24 %, 19239 MiB, 81920 MiB, 326.18 W
2026/08/24 20:11:14.893, NVIDIA A800 80GB PCIe, 99 %, 20 %, 19239 MiB, 81920 MiB, 307.54 W
2026/08/24 20:11:15.893, NVIDIA A800 80GB PCIe, 99 %, 25 %, 19239 MiB, 81920 MiB, 279.70 W
2026/08/24 20:11:16.893, NVIDIA A800 80GB PCIe, 99 %, 20 %, 19239 MiB, 81920 MiB, 313.87 W
2026/08/24 20:11:17.893, NVIDIA A800 80GB PCIe, 99 %, 25 %, 19239 MiB, 81920 MiB, 336.55 W
2026/08/24 20:11:18.894, NVIDIA A800 80GB PCIe, 99 %, 20 %, 19239 MiB, 81920 MiB, 294.21 W
2026/08/24 20:11:19.894, NVIDIA A800 80GB PCIe, 98 %, 24 %, 19239 MiB, 81920 MiB, 294.58 W
2026/08/24 20:11:20.894, NVIDIA A800 80GB PCIe, 99 %, 20 %, 19239 MiB, 81920 MiB, 297.32 W
2026/08/24 20:11:21.894, NVIDIA A800 80GB PCIe, 98 %, 24 %, 19239 MiB, 81920 MiB, 312.26 W
2026/08/24 20:11:22.894, NVIDIA A800 80GB PCIe, 99 %, 20 %, 19239 MiB, 81920 MiB, 299.87 W
2026/08/24 20:11:23.894, NVIDIA A800 80GB PCIe, 0 %, 0 %, 19239 MiB, 81920 MiB, 82.47 W
2026/08/24 20:11:24.894, NVIDIA A800 80GB PCIe, 0 %, 0 %, 19239 MiB, 81920 MiB, 81.54 W
2026/08/24 20:11:25.895, NVIDIA A800 80GB PCIe, 1 %, 0 %, 19239 MiB, 81920 MiB, 79.87 W
2026/08/24 20:11:26.895, NVIDIA A800 80GB PCIe, 100 %, 23 %, 19239 MiB, 81920 MiB, 282.28 W
2026/08/24 20:11:27.895, NVIDIA A800 80GB PCIe, 98 %, 20 %, 19239 MiB, 81920 MiB, 284.39 W
2026/08/24 20:11:28.895, NVIDIA A800 80GB PCIe, 99 %, 24 %, 19239 MiB, 81920 MiB, 302.65 W
2026/08/24 20:11:29.895, NVIDIA A800 80GB PCIe, 98 %, 20 %, 19239 MiB, 81920 MiB, 306.72 W
2026/08/24 20:11:30.895, NVIDIA A800 80GB PCIe, 99 %, 26 %, 19239 MiB, 81920 MiB, 232.62 W
2026/08/24 20:11:31.896, NVIDIA A800 80GB PCIe, 98 %, 23 %, 19239 MiB, 81920 MiB, 293.02 W
2026/08/24 20:11:32.896, NVIDIA A800 80GB PCIe, 99 %, 20 %, 19239 MiB, 81920 MiB, 308.07 W
2026/08/24 20:11:33.896, NVIDIA A800 80GB PCIe, 98 %, 21 %, 19239 MiB, 81920 MiB, 296.81 W
2026/08/24 20:11:34.896, NVIDIA A800 80GB PCIe, 99 %, 21 %, 19239 MiB, 81920 MiB, 338.20 W
2026/08/24 20:11:35.896, NVIDIA A800 80GB PCIe, 98 %, 21 %, 19239 MiB, 81920 MiB, 306.77 W
2026/08/24 20:11:36.896, NVIDIA A800 80GB PCIe, 100 %, 22 %, 19239 MiB, 81920 MiB, 224.32 W
2026/08/24 20:11:37.896, NVIDIA A800 80GB PCIe, 98 %, 20 %, 19239 MiB, 81920 MiB, 303.30 W
2026/08/24 20:11:38.897, NVIDIA A800 80GB PCIe, 100 %, 23 %, 19239 MiB, 81920 MiB, 311.76 W
2026/08/24 20:11:39.897, NVIDIA A800 80GB PCIe, 99 %, 20 %, 19239 MiB, 81920 MiB, 280.06 W
2026/08/24 20:11:40.897, NVIDIA A800 80GB PCIe, 99 %, 25 %, 19239 MiB, 81920 MiB, 300.45 W
2026/08/24 20:11:41.897, NVIDIA A800 80GB PCIe, 99 %, 19 %, 19239 MiB, 81920 MiB, 307.95 W
2026/08/24 20:11:42.897, NVIDIA A800 80GB PCIe, 99 %, 26 %, 19239 MiB, 81920 MiB, 315.92 W
2026/08/24 20:11:43.897, NVIDIA A800 80GB PCIe, 99 %, 19 %, 19239 MiB, 81920 MiB, 290.33 W
2026/08/24 20:11:44.898, NVIDIA A800 80GB PCIe, 98 %, 25 %, 19239 MiB, 81920 MiB, 293.11 W
2026/08/24 20:11:45.898, NVIDIA A800 80GB PCIe, 99 %, 20 %, 19239 MiB, 81920 MiB, 289.39 W
2026/08/24 20:11:46.898, NVIDIA A800 80GB PCIe, 98 %, 25 %, 19239 MiB, 81920 MiB, 313.53 W
2026/08/24 20:11:47.898, NVIDIA A800 80GB PCIe, 99 %, 20 %, 19239 MiB, 81920 MiB, 306.51 W
2026/08/24 20:11:48.898, NVIDIA A800 80GB PCIe, 97 %, 24 %, 19239 MiB, 81920 MiB, 301.89 W
2026/08/24 20:11:49.898, NVIDIA A800 80GB PCIe, 99 %, 20 %, 19239 MiB, 81920 MiB, 306.90 W
2026/08/24 20:11:50.898, NVIDIA A800 80GB PCIe, 97 %, 23 %, 19239 MiB, 81920 MiB, 285.30 W
2026/08/24 20:11:51.899, NVIDIA A800 80GB PCIe, 99 %, 20 %, 19239 MiB, 81920 MiB, 296.52 W
2026/08/24 20:11:52.899, NVIDIA A800 80GB PCIe, 98 %, 21 %, 19239 MiB, 81920 MiB, 304.06 W
2026/08/24 20:11:53.899, NVIDIA A800 80GB PCIe, 99 %, 21 %, 19239 MiB, 81920 MiB, 286.67 W
2026/08/24 20:11:54.899, NVIDIA A800 80GB PCIe, 99 %, 24 %, 19239 MiB, 81920 MiB, 307.30 W
2026/08/24 20:11:55.899, NVIDIA A800 80GB PCIe, 99 %, 20 %, 19239 MiB, 81920 MiB, 299.66 W
2026/08/24 20:11:56.899, NVIDIA A800 80GB PCIe, 98 %, 25 %, 19239 MiB, 81920 MiB, 297.14 W
2026/08/24 20:11:57.900, NVIDIA A800 80GB PCIe, 99 %, 20 %, 19239 MiB, 81920 MiB, 300.55 W
2026/08/24 20:11:58.900, NVIDIA A800 80GB PCIe, 98 %, 24 %, 19239 MiB, 81920 MiB, 313.49 W
2026/08/24 20:11:59.900, NVIDIA A800 80GB PCIe, 100 %, 39 %, 19239 MiB, 81920 MiB, 279.58 W
2026/08/24 20:12:00.900, NVIDIA A800 80GB PCIe, 97 %, 23 %, 19239 MiB, 81920 MiB, 291.95 W
2026/08/24 20:12:01.900, NVIDIA A800 80GB PCIe, 99 %, 20 %, 19239 MiB, 81920 MiB, 300.13 W
2026/08/24 20:12:02.901, NVIDIA A800 80GB PCIe, 88 %, 20 %, 19239 MiB, 81920 MiB, 281.30 W
2026/08/24 20:12:03.901, NVIDIA A800 80GB PCIe, 99 %, 20 %, 19239 MiB, 81920 MiB, 301.60 W
2026/08/24 20:12:04.901, NVIDIA A800 80GB PCIe, 97 %, 21 %, 19239 MiB, 81920 MiB, 280.51 W
2026/08/24 20:12:05.901, NVIDIA A800 80GB PCIe, 99 %, 21 %, 19239 MiB, 81920 MiB, 290.86 W
2026/08/24 20:12:06.903, NVIDIA A800 80GB PCIe, 97 %, 21 %, 19239 MiB, 81920 MiB, 297.45 W
2026/08/24 20:12:07.903, NVIDIA A800 80GB PCIe, 99 %, 22 %, 19239 MiB, 81920 MiB, 219.75 W
2026/08/24 20:12:08.903, NVIDIA A800 80GB PCIe, 98 %, 21 %, 19239 MiB, 81920 MiB, 299.46 W
2026/08/24 20:12:09.904, NVIDIA A800 80GB PCIe, 99 %, 23 %, 19239 MiB, 81920 MiB, 289.22 W
2026/08/24 20:12:10.904, NVIDIA A800 80GB PCIe, 98 %, 20 %, 19239 MiB, 81920 MiB, 303.95 W
2026/08/24 20:12:11.904, NVIDIA A800 80GB PCIe, 99 %, 23 %, 19239 MiB, 81920 MiB, 303.48 W
2026/08/24 20:12:12.904, NVIDIA A800 80GB PCIe, 97 %, 20 %, 19239 MiB, 81920 MiB, 286.46 W
2026/08/24 20:12:13.904, NVIDIA A800 80GB PCIe, 99 %, 24 %, 19239 MiB, 81920 MiB, 293.54 W
2026/08/24 20:12:14.904, NVIDIA A800 80GB PCIe, 98 %, 20 %, 19239 MiB, 81920 MiB, 286.68 W
2026/08/24 20:12:15.905, NVIDIA A800 80GB PCIe, 99 %, 25 %, 19239 MiB, 81920 MiB, 286.30 W
2026/08/24 20:12:16.905, NVIDIA A800 80GB PCIe, 98 %, 19 %, 19239 MiB, 81920 MiB, 297.92 W
2026/08/24 20:12:17.905, NVIDIA A800 80GB PCIe, 99 %, 25 %, 19239 MiB, 81920 MiB, 223.43 W
2026/08/24 20:12:18.905, NVIDIA A800 80GB PCIe, 97 %, 23 %, 19239 MiB, 81920 MiB, 287.46 W
2026/08/24 20:12:19.905, NVIDIA A800 80GB PCIe, 99 %, 20 %, 19239 MiB, 81920 MiB, 307.38 W
2026/08/24 20:12:20.905, NVIDIA A800 80GB PCIe, 97 %, 21 %, 19239 MiB, 81920 MiB, 293.80 W
2026/08/24 20:12:21.906, NVIDIA A800 80GB PCIe, 99 %, 21 %, 19239 MiB, 81920 MiB, 332.86 W
2026/08/24 20:12:22.906, NVIDIA A800 80GB PCIe, 98 %, 21 %, 19239 MiB, 81920 MiB, 307.36 W
2026/08/24 20:12:23.906, NVIDIA A800 80GB PCIe, 99 %, 22 %, 19239 MiB, 81920 MiB, 242.25 W
2026/08/24 20:12:24.906, NVIDIA A800 80GB PCIe, 97 %, 21 %, 19239 MiB, 81920 MiB, 313.33 W
2026/08/24 20:12:25.906, NVIDIA A800 80GB PCIe, 100 %, 22 %, 19239 MiB, 81920 MiB, 247.73 W
2026/08/24 20:12:26.906, NVIDIA A800 80GB PCIe, 97 %, 20 %, 19239 MiB, 81920 MiB, 291.45 W
2026/08/24 20:12:27.906, NVIDIA A800 80GB PCIe, 99 %, 23 %, 19239 MiB, 81920 MiB, 316.73 W
2026/08/24 20:12:28.907, NVIDIA A800 80GB PCIe, 97 %, 20 %, 19239 MiB, 81920 MiB, 293.60 W
2026/08/24 20:12:29.907, NVIDIA A800 80GB PCIe, 99 %, 24 %, 19239 MiB, 81920 MiB, 311.97 W
2026/08/24 20:12:30.907, NVIDIA A800 80GB PCIe, 98 %, 20 %, 19239 MiB, 81920 MiB, 320.63 W
2026/08/24 20:12:31.907, NVIDIA A800 80GB PCIe, 99 %, 25 %, 19239 MiB, 81920 MiB, 288.59 W
2026/08/24 20:12:32.907, NVIDIA A800 80GB PCIe, 99 %, 19 %, 19239 MiB, 81920 MiB, 296.24 W
2026/08/24 20:12:33.908, NVIDIA A800 80GB PCIe, 33 %, 13 %, 19239 MiB, 81920 MiB, 82.32 W
2026/08/24 20:12:34.908, NVIDIA A800 80GB PCIe, 0 %, 0 %, 19239 MiB, 81920 MiB, 81.71 W
2026/08/24 20:12:35.908, NVIDIA A800 80GB PCIe, 1 %, 0 %, 19239 MiB, 81920 MiB, 79.14 W
2026/08/24 20:12:36.908, NVIDIA A800 80GB PCIe, 99 %, 20 %, 19239 MiB, 81920 MiB, 296.83 W
2026/08/24 20:12:37.908, NVIDIA A800 80GB PCIe, 97 %, 23 %, 19239 MiB, 81920 MiB, 312.61 W
2026/08/24 20:12:38.908, NVIDIA A800 80GB PCIe, 99 %, 20 %, 19239 MiB, 81920 MiB, 311.75 W
2026/08/24 20:12:39.909, NVIDIA A800 80GB PCIe, 97 %, 21 %, 19239 MiB, 81920 MiB, 312.39 W
2026/08/24 20:12:40.909, NVIDIA A800 80GB PCIe, 99 %, 21 %, 19239 MiB, 81920 MiB, 292.04 W
2026/08/24 20:12:41.909, NVIDIA A800 80GB PCIe, 97 %, 21 %, 19239 MiB, 81920 MiB, 308.13 W
2026/08/24 20:12:42.909, NVIDIA A800 80GB PCIe, 98 %, 19 %, 19239 MiB, 81920 MiB, 293.50 W
2026/08/24 20:12:43.909, NVIDIA A800 80GB PCIe, 98 %, 25 %, 19239 MiB, 81920 MiB, 288.30 W
2026/08/24 20:12:44.909, NVIDIA A800 80GB PCIe, 97 %, 20 %, 19239 MiB, 81920 MiB, 296.94 W
2026/08/24 20:12:45.910, NVIDIA A800 80GB PCIe, 97 %, 24 %, 19239 MiB, 81920 MiB, 279.91 W
2026/08/24 20:12:46.910, NVIDIA A800 80GB PCIe, 99 %, 20 %, 19239 MiB, 81920 MiB, 323.04 W
2026/08/24 20:12:47.910, NVIDIA A800 80GB PCIe, 96 %, 24 %, 19239 MiB, 81920 MiB, 308.24 W
2026/08/24 20:12:48.910, NVIDIA A800 80GB PCIe, 99 %, 20 %, 19239 MiB, 81920 MiB, 305.80 W
2026/08/24 20:12:49.910, NVIDIA A800 80GB PCIe, 97 %, 24 %, 19239 MiB, 81920 MiB, 328.79 W
2026/08/24 20:12:50.910, NVIDIA A800 80GB PCIe, 99 %, 20 %, 19239 MiB, 81920 MiB, 284.60 W
2026/08/24 20:12:51.911, NVIDIA A800 80GB PCIe, 95 %, 23 %, 19239 MiB, 81920 MiB, 303.65 W
2026/08/24 20:12:52.911, NVIDIA A800 80GB PCIe, 99 %, 20 %, 19239 MiB, 81920 MiB, 287.33 W
2026/08/24 20:12:53.911, NVIDIA A800 80GB PCIe, 95 %, 24 %, 19239 MiB, 81920 MiB, 296.17 W
2026/08/24 20:12:54.911, NVIDIA A800 80GB PCIe, 99 %, 20 %, 19239 MiB, 81920 MiB, 304.63 W
2026/08/24 20:12:55.911, NVIDIA A800 80GB PCIe, 87 %, 22 %, 19239 MiB, 81920 MiB, 282.17 W
2026/08/24 20:12:56.912, NVIDIA A800 80GB PCIe, 99 %, 20 %, 19239 MiB, 81920 MiB, 304.58 W
2026/08/24 20:12:57.912, NVIDIA A800 80GB PCIe, 95 %, 23 %, 19239 MiB, 81920 MiB, 291.85 W
2026/08/24 20:12:58.912, NVIDIA A800 80GB PCIe, 99 %, 20 %, 19239 MiB, 81920 MiB, 293.60 W
2026/08/24 20:12:59.912, NVIDIA A800 80GB PCIe, 96 %, 23 %, 19239 MiB, 81920 MiB, 276.13 W
2026/08/24 20:13:00.912, NVIDIA A800 80GB PCIe, 99 %, 20 %, 19239 MiB, 81920 MiB, 314.48 W
2026/08/24 20:13:01.912, NVIDIA A800 80GB PCIe, 96 %, 21 %, 19239 MiB, 81920 MiB, 333.02 W
2026/08/24 20:13:02.912, NVIDIA A800 80GB PCIe, 99 %, 21 %, 19239 MiB, 81920 MiB, 288.83 W
2026/08/24 20:13:03.913, NVIDIA A800 80GB PCIe, 96 %, 20 %, 19239 MiB, 81920 MiB, 304.24 W
2026/08/24 20:13:04.913, NVIDIA A800 80GB PCIe, 99 %, 21 %, 19239 MiB, 81920 MiB, 289.04 W
2026/08/24 20:13:05.913, NVIDIA A800 80GB PCIe, 96 %, 20 %, 19239 MiB, 81920 MiB, 292.33 W
2026/08/24 20:13:06.913, NVIDIA A800 80GB PCIe, 99 %, 19 %, 19239 MiB, 81920 MiB, 293.78 W
2026/08/24 20:13:07.913, NVIDIA A800 80GB PCIe, 97 %, 24 %, 19239 MiB, 81920 MiB, 311.77 W
2026/08/24 20:13:08.914, NVIDIA A800 80GB PCIe, 99 %, 20 %, 19239 MiB, 81920 MiB, 296.44 W
2026/08/24 20:13:09.914, NVIDIA A800 80GB PCIe, 99 %, 30 %, 19239 MiB, 81920 MiB, 299.75 W
2026/08/24 20:13:10.914, NVIDIA A800 80GB PCIe, 99 %, 20 %, 19239 MiB, 81920 MiB, 286.65 W
2026/08/24 20:13:11.914, NVIDIA A800 80GB PCIe, 95 %, 23 %, 19239 MiB, 81920 MiB, 314.90 W
2026/08/24 20:13:12.914, NVIDIA A800 80GB PCIe, 99 %, 20 %, 19239 MiB, 81920 MiB, 282.57 W
2026/08/24 20:13:13.914, NVIDIA A800 80GB PCIe, 95 %, 23 %, 19239 MiB, 81920 MiB, 289.67 W
2026/08/24 20:13:14.915, NVIDIA A800 80GB PCIe, 99 %, 20 %, 19239 MiB, 81920 MiB, 295.35 W
2026/08/24 20:13:15.915, NVIDIA A800 80GB PCIe, 94 %, 23 %, 19239 MiB, 81920 MiB, 295.00 W
2026/08/24 20:13:16.915, NVIDIA A800 80GB PCIe, 99 %, 20 %, 19239 MiB, 81920 MiB, 291.75 W
2026/08/24 20:13:17.915, NVIDIA A800 80GB PCIe, 96 %, 22 %, 19239 MiB, 81920 MiB, 278.65 W
2026/08/24 20:13:18.915, NVIDIA A800 80GB PCIe, 99 %, 20 %, 19239 MiB, 81920 MiB, 311.34 W
2026/08/24 20:13:19.915, NVIDIA A800 80GB PCIe, 95 %, 21 %, 19239 MiB, 81920 MiB, 282.96 W
2026/08/24 20:13:20.916, NVIDIA A800 80GB PCIe, 99 %, 20 %, 19239 MiB, 81920 MiB, 298.28 W
2026/08/24 20:13:21.916, NVIDIA A800 80GB PCIe, 96 %, 21 %, 19239 MiB, 81920 MiB, 297.23 W
2026/08/24 20:13:22.916, NVIDIA A800 80GB PCIe, 99 %, 21 %, 19239 MiB, 81920 MiB, 282.18 W
2026/08/24 20:13:23.916, NVIDIA A800 80GB PCIe, 96 %, 21 %, 19239 MiB, 81920 MiB, 309.61 W
2026/08/24 20:13:24.916, NVIDIA A800 80GB PCIe, 99 %, 22 %, 19239 MiB, 81920 MiB, 300.72 W
2026/08/24 20:13:25.916, NVIDIA A800 80GB PCIe, 96 %, 20 %, 19239 MiB, 81920 MiB, 278.86 W
2026/08/24 20:13:26.917, NVIDIA A800 80GB PCIe, 99 %, 22 %, 19239 MiB, 81920 MiB, 283.82 W
2026/08/24 20:13:27.917, NVIDIA A800 80GB PCIe, 97 %, 20 %, 19239 MiB, 81920 MiB, 279.96 W
2026/08/24 20:13:28.917, NVIDIA A800 80GB PCIe, 99 %, 22 %, 19239 MiB, 81920 MiB, 289.81 W
2026/08/24 20:13:29.917, NVIDIA A800 80GB PCIe, 97 %, 24 %, 19239 MiB, 81920 MiB, 302.20 W
2026/08/24 20:13:30.917, NVIDIA A800 80GB PCIe, 98 %, 20 %, 19239 MiB, 81920 MiB, 312.24 W
2026/08/24 20:13:31.917, NVIDIA A800 80GB PCIe, 97 %, 25 %, 19239 MiB, 81920 MiB, 266.90 W
2026/08/24 20:13:32.918, NVIDIA A800 80GB PCIe, 98 %, 20 %, 19239 MiB, 81920 MiB, 296.43 W
2026/08/24 20:13:33.918, NVIDIA A800 80GB PCIe, 96 %, 24 %, 19239 MiB, 81920 MiB, 298.07 W
2026/08/24 20:13:34.918, NVIDIA A800 80GB PCIe, 98 %, 20 %, 19239 MiB, 81920 MiB, 279.17 W
2026/08/24 20:13:35.918, NVIDIA A800 80GB PCIe, 96 %, 23 %, 19239 MiB, 81920 MiB, 314.36 W
2026/08/24 20:13:36.918, NVIDIA A800 80GB PCIe, 98 %, 20 %, 19239 MiB, 81920 MiB, 298.59 W
2026/08/24 20:13:37.919, NVIDIA A800 80GB PCIe, 96 %, 24 %, 19239 MiB, 81920 MiB, 292.82 W
2026/08/24 20:13:38.919, NVIDIA A800 80GB PCIe, 99 %, 20 %, 19239 MiB, 81920 MiB, 289.12 W
2026/08/24 20:13:39.919, NVIDIA A800 80GB PCIe, 96 %, 24 %, 19239 MiB, 81920 MiB, 290.00 W
2026/08/24 20:13:40.919, NVIDIA A800 80GB PCIe, 99 %, 20 %, 19239 MiB, 81920 MiB, 285.53 W
2026/08/24 20:13:41.919, NVIDIA A800 80GB PCIe, 96 %, 23 %, 19239 MiB, 81920 MiB, 289.39 W
2026/08/24 20:13:42.919, NVIDIA A800 80GB PCIe, 99 %, 20 %, 19239 MiB, 81920 MiB, 288.34 W
2026/08/24 20:13:43.920, NVIDIA A800 80GB PCIe, 99 %, 37 %, 19239 MiB, 81920 MiB, 305.16 W
2026/08/24 20:13:44.920, NVIDIA A800 80GB PCIe, 0 %, 0 %, 19239 MiB, 81920 MiB, 81.93 W
2026/08/24 20:13:45.920, NVIDIA A800 80GB PCIe, 0 %, 0 %, 19239 MiB, 81920 MiB, 79.39 W
2026/08/24 20:13:46.920, NVIDIA A800 80GB PCIe, 1 %, 0 %, 19239 MiB, 81920 MiB, 79.51 W
2026/08/24 20:13:47.920, NVIDIA A800 80GB PCIe, 97 %, 21 %, 19239 MiB, 81920 MiB, 298.20 W
2026/08/24 20:13:48.920, NVIDIA A800 80GB PCIe, 99 %, 21 %, 19239 MiB, 81920 MiB, 288.70 W
2026/08/24 20:13:49.921, NVIDIA A800 80GB PCIe, 96 %, 21 %, 19239 MiB, 81920 MiB, 309.72 W
2026/08/24 20:13:50.921, NVIDIA A800 80GB PCIe, 99 %, 21 %, 19239 MiB, 81920 MiB, 310.30 W
2026/08/24 20:13:51.921, NVIDIA A800 80GB PCIe, 96 %, 20 %, 19239 MiB, 81920 MiB, 282.82 W
2026/08/24 20:13:52.921, NVIDIA A800 80GB PCIe, 99 %, 23 %, 19239 MiB, 81920 MiB, 294.68 W
2026/08/24 20:13:53.921, NVIDIA A800 80GB PCIe, 97 %, 20 %, 19239 MiB, 81920 MiB, 271.11 W
2026/08/24 20:13:54.922, NVIDIA A800 80GB PCIe, 98 %, 20 %, 19239 MiB, 81920 MiB, 313.48 W
2026/08/24 20:13:55.922, NVIDIA A800 80GB PCIe, 97 %, 24 %, 19239 MiB, 81920 MiB, 309.62 W
2026/08/24 20:13:56.922, NVIDIA A800 80GB PCIe, 98 %, 20 %, 19239 MiB, 81920 MiB, 306.86 W
2026/08/24 20:13:57.922, NVIDIA A800 80GB PCIe, 97 %, 25 %, 19239 MiB, 81920 MiB, 316.65 W
2026/08/24 20:13:58.922, NVIDIA A800 80GB PCIe, 98 %, 20 %, 19239 MiB, 81920 MiB, 284.62 W
2026/08/24 20:13:59.922, NVIDIA A800 80GB PCIe, 96 %, 24 %, 19239 MiB, 81920 MiB, 304.03 W
2026/08/24 20:14:00.923, NVIDIA A800 80GB PCIe, 99 %, 20 %, 19239 MiB, 81920 MiB, 284.83 W
2026/08/24 20:14:01.923, NVIDIA A800 80GB PCIe, 95 %, 24 %, 19239 MiB, 81920 MiB, 292.35 W
2026/08/24 20:14:02.923, NVIDIA A800 80GB PCIe, 99 %, 20 %, 19239 MiB, 81920 MiB, 292.74 W
2026/08/24 20:14:03.923, NVIDIA A800 80GB PCIe, 95 %, 23 %, 19239 MiB, 81920 MiB, 295.65 W
2026/08/24 20:14:04.923, NVIDIA A800 80GB PCIe, 99 %, 20 %, 19239 MiB, 81920 MiB, 296.55 W
2026/08/24 20:14:05.923, NVIDIA A800 80GB PCIe, 96 %, 22 %, 19239 MiB, 81920 MiB, 285.29 W
2026/08/24 20:14:06.924, NVIDIA A800 80GB PCIe, 99 %, 20 %, 19239 MiB, 81920 MiB, 321.20 W
2026/08/24 20:14:07.924, NVIDIA A800 80GB PCIe, 97 %, 21 %, 19239 MiB, 81920 MiB, 292.11 W
2026/08/24 20:14:08.924, NVIDIA A800 80GB PCIe, 99 %, 21 %, 19239 MiB, 81920 MiB, 285.31 W
2026/08/24 20:14:09.924, NVIDIA A800 80GB PCIe, 97 %, 21 %, 19239 MiB, 81920 MiB, 287.61 W
2026/08/24 20:14:10.924, NVIDIA A800 80GB PCIe, 98 %, 21 %, 19239 MiB, 81920 MiB, 302.27 W
2026/08/24 20:14:11.925, NVIDIA A800 80GB PCIe, 97 %, 20 %, 19239 MiB, 81920 MiB, 284.80 W
2026/08/24 20:14:12.925, NVIDIA A800 80GB PCIe, 99 %, 22 %, 19239 MiB, 81920 MiB, 289.88 W
2026/08/24 20:14:13.925, NVIDIA A800 80GB PCIe, 98 %, 20 %, 19239 MiB, 81920 MiB, 284.27 W
2026/08/24 20:14:14.925, NVIDIA A800 80GB PCIe, 99 %, 22 %, 19239 MiB, 81920 MiB, 320.22 W
2026/08/24 20:14:15.925, NVIDIA A800 80GB PCIe, 97 %, 24 %, 19239 MiB, 81920 MiB, 304.65 W
2026/08/24 20:14:16.925, NVIDIA A800 80GB PCIe, 99 %, 20 %, 19239 MiB, 81920 MiB, 293.89 W
2026/08/24 20:14:17.926, NVIDIA A800 80GB PCIe, 97 %, 24 %, 19239 MiB, 81920 MiB, 297.83 W
2026/08/24 20:14:18.926, NVIDIA A800 80GB PCIe, 99 %, 20 %, 19239 MiB, 81920 MiB, 284.62 W
2026/08/24 20:14:19.926, NVIDIA A800 80GB PCIe, 96 %, 24 %, 19239 MiB, 81920 MiB, 297.50 W
2026/08/24 20:14:20.926, NVIDIA A800 80GB PCIe, 100 %, 39 %, 19239 MiB, 81920 MiB, 304.15 W
2026/08/24 20:14:21.926, NVIDIA A800 80GB PCIe, 96 %, 23 %, 19239 MiB, 81920 MiB, 292.73 W
2026/08/24 20:14:22.926, NVIDIA A800 80GB PCIe, 99 %, 20 %, 19239 MiB, 81920 MiB, 289.60 W
2026/08/24 20:14:23.927, NVIDIA A800 80GB PCIe, 96 %, 23 %, 19239 MiB, 81920 MiB, 304.27 W
2026/08/24 20:14:24.927, NVIDIA A800 80GB PCIe, 99 %, 20 %, 19239 MiB, 81920 MiB, 291.83 W
2026/08/24 20:14:25.927, NVIDIA A800 80GB PCIe, 97 %, 21 %, 19239 MiB, 81920 MiB, 282.48 W
2026/08/24 20:14:26.927, NVIDIA A800 80GB PCIe, 99 %, 20 %, 19239 MiB, 81920 MiB, 289.61 W
2026/08/24 20:14:27.927, NVIDIA A800 80GB PCIe, 97 %, 21 %, 19239 MiB, 81920 MiB, 299.39 W
2026/08/24 20:14:28.927, NVIDIA A800 80GB PCIe, 99 %, 21 %, 19239 MiB, 81920 MiB, 238.70 W
2026/08/24 20:14:29.928, NVIDIA A800 80GB PCIe, 97 %, 21 %, 19239 MiB, 81920 MiB, 294.29 W
2026/08/24 20:14:30.928, NVIDIA A800 80GB PCIe, 99 %, 22 %, 19239 MiB, 81920 MiB, 288.54 W
2026/08/24 20:14:31.928, NVIDIA A800 80GB PCIe, 97 %, 20 %, 19239 MiB, 81920 MiB, 302.21 W
2026/08/24 20:14:32.928, NVIDIA A800 80GB PCIe, 99 %, 22 %, 19239 MiB, 81920 MiB, 291.84 W
2026/08/24 20:14:33.928, NVIDIA A800 80GB PCIe, 97 %, 20 %, 19239 MiB, 81920 MiB, 299.93 W
2026/08/24 20:14:34.929, NVIDIA A800 80GB PCIe, 99 %, 23 %, 19239 MiB, 81920 MiB, 313.81 W
2026/08/24 20:14:35.929, NVIDIA A800 80GB PCIe, 97 %, 20 %, 19239 MiB, 81920 MiB, 279.42 W
2026/08/24 20:14:36.929, NVIDIA A800 80GB PCIe, 99 %, 23 %, 19239 MiB, 81920 MiB, 287.56 W
2026/08/24 20:14:37.929, NVIDIA A800 80GB PCIe, 97 %, 20 %, 19239 MiB, 81920 MiB, 286.12 W
2026/08/24 20:14:38.929, NVIDIA A800 80GB PCIe, 99 %, 23 %, 19239 MiB, 81920 MiB, 302.01 W
2026/08/24 20:14:39.929, NVIDIA A800 80GB PCIe, 96 %, 24 %, 19239 MiB, 81920 MiB, 296.54 W
2026/08/24 20:14:40.930, NVIDIA A800 80GB PCIe, 98 %, 20 %, 19239 MiB, 81920 MiB, 286.65 W
2026/08/24 20:14:41.930, NVIDIA A800 80GB PCIe, 96 %, 23 %, 19239 MiB, 81920 MiB, 243.40 W
2026/08/24 20:14:42.930, NVIDIA A800 80GB PCIe, 99 %, 20 %, 19239 MiB, 81920 MiB, 309.90 W
2026/08/24 20:14:43.930, NVIDIA A800 80GB PCIe, 96 %, 24 %, 19239 MiB, 81920 MiB, 287.49 W
2026/08/24 20:14:44.930, NVIDIA A800 80GB PCIe, 99 %, 20 %, 19239 MiB, 81920 MiB, 291.65 W
2026/08/24 20:14:45.930, NVIDIA A800 80GB PCIe, 96 %, 24 %, 19239 MiB, 81920 MiB, 288.87 W
2026/08/24 20:14:46.931, NVIDIA A800 80GB PCIe, 99 %, 20 %, 19239 MiB, 81920 MiB, 299.86 W
2026/08/24 20:14:47.931, NVIDIA A800 80GB PCIe, 96 %, 23 %, 19239 MiB, 81920 MiB, 304.06 W
2026/08/24 20:14:48.931, NVIDIA A800 80GB PCIe, 99 %, 20 %, 19239 MiB, 81920 MiB, 298.20 W
2026/08/24 20:14:49.931, NVIDIA A800 80GB PCIe, 96 %, 21 %, 19239 MiB, 81920 MiB, 290.65 W
2026/08/24 20:14:50.931, NVIDIA A800 80GB PCIe, 99 %, 20 %, 19239 MiB, 81920 MiB, 292.60 W
2026/08/24 20:14:51.931, NVIDIA A800 80GB PCIe, 97 %, 21 %, 19239 MiB, 81920 MiB, 309.28 W
2026/08/24 20:14:52.932, NVIDIA A800 80GB PCIe, 99 %, 21 %, 19239 MiB, 81920 MiB, 297.60 W
2026/08/24 20:14:53.932, NVIDIA A800 80GB PCIe, 97 %, 21 %, 19239 MiB, 81920 MiB, 276.60 W
2026/08/24 20:14:54.932, NVIDIA A800 80GB PCIe, 90 %, 34 %, 19239 MiB, 81920 MiB, 159.02 W
2026/08/24 20:14:55.932, NVIDIA A800 80GB PCIe, 1 %, 0 %, 19239 MiB, 81920 MiB, 81.11 W
2026/08/24 20:14:56.932, NVIDIA A800 80GB PCIe, 0 %, 0 %, 19239 MiB, 81920 MiB, 78.84 W
2026/08/24 20:14:57.933, NVIDIA A800 80GB PCIe, 0 %, 0 %, 19239 MiB, 81920 MiB, 78.39 W
2026/08/24 20:14:58.933, NVIDIA A800 80GB PCIe, 0 %, 0 %, 19239 MiB, 81920 MiB, 77.97 W
2026/08/24 20:14:59.933, NVIDIA A800 80GB PCIe, 0 %, 0 %, 19239 MiB, 81920 MiB, 77.49 W
2026/08/24 20:15:00.933, NVIDIA A800 80GB PCIe, 0 %, 0 %, 19239 MiB, 81920 MiB, 77.16 W
2026/08/24 20:15:01.933, NVIDIA A800 80GB PCIe, 0 %, 0 %, 19239 MiB, 81920 MiB, 76.72 W
2026/08/24 20:15:02.933, NVIDIA A800 80GB PCIe, 0 %, 0 %, 19239 MiB, 81920 MiB, 76.45 W
2026/08/24 20:15:03.934, NVIDIA A800 80GB PCIe, 0 %, 0 %, 19239 MiB, 81920 MiB, 76.43 W
2026/08/24 20:15:04.934, NVIDIA A800 80GB PCIe, 0 %, 0 %, 19239 MiB, 81920 MiB, 75.58 W
2026/08/24 20:15:05.934, NVIDIA A800 80GB PCIe, 0 %, 0 %, 19239 MiB, 81920 MiB, 75.30 W
2026/08/24 20:15:06.934, NVIDIA A800 80GB PCIe, 0 %, 0 %, 19239 MiB, 81920 MiB, 75.01 W
2026/08/24 20:15:07.934, NVIDIA A800 80GB PCIe, 0 %, 0 %, 19239 MiB, 81920 MiB, 74.04 W
2026/08/24 20:15:08.934, NVIDIA A800 80GB PCIe, 0 %, 0 %, 19239 MiB, 81920 MiB, 75.79 W
2026/08/24 20:15:09.935, NVIDIA A800 80GB PCIe, 0 %, 0 %, 19239 MiB, 81920 MiB, 74.93 W
2026/08/24 20:15:10.935, NVIDIA A800 80GB PCIe, 0 %, 0 %, 19239 MiB, 81920 MiB, 73.55 W
2026/08/24 20:15:11.935, NVIDIA A800 80GB PCIe, 0 %, 0 %, 19239 MiB, 81920 MiB, 73.07 W
2026/08/24 20:15:12.935, NVIDIA A800 80GB PCIe, 0 %, 0 %, 19239 MiB, 81920 MiB, 73.96 W
2026/08/24 20:15:13.935, NVIDIA A800 80GB PCIe, 0 %, 0 %, 19239 MiB, 81920 MiB, 73.26 W
2026/08/24 20:15:14.935, NVIDIA A800 80GB PCIe, 0 %, 0 %, 19238 MiB, 81920 MiB, 73.24 W
