timestamp, utilization.gpu [%], memory.used [MiB]
2026/09/26 23:41:44.500, 0 %, 0 MiB
2026/09/26 23:41:45.523, 0 %, 4 MiB
2026/09/26 23:41:46.558, 0 %, 4 MiB
2026/09/26 23:41:47.581, 0 %, 4 MiB
2026/09/26 23:41:48.604, 0 %, 4 MiB
2026/09/26 23:41:49.628, 0 %, 4 MiB
2026/09/26 23:41:50.653, 0 %, 4 MiB
2026/09/26 23:41:51.690, 0 %, 4 MiB
2026/09/26 23:41:52.715, 0 %, 4 MiB
2026/09/26 23:41:53.741, 0 %, 4 MiB
2026/09/26 23:41:54.767, 0 %, 4 MiB
2026/09/26 23:41:55.792, 0 %, 4 MiB
2026/09/26 23:41:56.826, 0 %, 4 MiB
2026/09/26 23:41:57.852, 0 %, 4 MiB
2026/09/26 23:41:58.881, 0 %, 4 MiB
2026/09/26 23:41:59.906, 0 %, 4 MiB
2026/09/26 23:42:00.930, 0 %, 4 MiB
2026/09/26 23:42:01.967, 0 %, 4 MiB
2026/09/26 23:42:02.990, 0 %, 4 MiB
2026/09/26 23:42:04.013, 0 %, 4 MiB
2026/09/26 23:42:05.042, 0 %, 4 MiB
2026/09/26 23:42:06.079, 0 %, 4 MiB
2026/09/26 23:42:07.115, 0 %, 4 MiB
2026/09/26 23:42:08.138, 0 %, 4 MiB
2026/09/26 23:42:09.162, 0 %, 4 MiB
2026/09/26 23:42:10.186, 0 %, 4 MiB
2026/09/26 23:42:11.222, 0 %, 4 MiB
2026/09/26 23:42:12.257, 0 %, 4 MiB
2026/09/26 23:42:13.280, 0 %, 4 MiB
2026/09/26 23:42:14.302, 0 %, 4 MiB
2026/09/26 23:42:15.325, 0 %, 4 MiB
2026/09/26 23:42:16.360, 0 %, 4 MiB
2026/09/26 23:42:17.395, 0 %, 4 MiB
2026/09/26 23:42:18.417, 0 %, 4 MiB
2026/09/26 23:42:19.439, 0 %, 4 MiB
2026/09/26 23:42:20.461, 0 %, 4 MiB
2026/09/26 23:42:21.496, 0 %, 4 MiB
2026/09/26 23:42:22.519, 0 %, 4 MiB
2026/09/26 23:42:23.542, 0 %, 4 MiB
2026/09/26 23:42:24.565, 0 %, 4 MiB
2026/09/26 23:42:25.590, 0 %, 4 MiB
2026/09/26 23:42:26.626, 0 %, 4 MiB
2026/09/26 23:42:27.650, 0 %, 4 MiB
2026/09/26 23:42:28.673, 0 %, 4 MiB
2026/09/26 23:42:29.696, 0 %, 4 MiB
2026/09/26 23:42:30.720, 0 %, 4 MiB
2026/09/26 23:42:31.744, 0 %, 4 MiB
2026/09/26 23:42:32.768, 0 %, 4 MiB
2026/09/26 23:42:33.794, 0 %, 4 MiB
2026/09/26 23:42:34.822, 0 %, 4 MiB
2026/09/26 23:42:35.848, 0 %, 4 MiB
2026/09/26 23:42:36.889, 0 %, 4 MiB
2026/09/26 23:42:37.914, 0 %, 4 MiB
2026/09/26 23:42:38.938, 0 %, 4 MiB
2026/09/26 23:42:39.963, 0 %, 4 MiB
2026/09/26 23:42:40.986, 26 %, 4711 MiB
2026/09/26 23:42:42.021, 25 %, 10239 MiB
2026/09/26 23:42:43.044, 14 %, 14283 MiB
2026/09/26 23:42:44.068, 54 %, 20991 MiB
2026/09/26 23:42:45.092, 93 %, 23033 MiB
2026/09/26 23:42:46.129, 95 %, 23033 MiB
2026/09/26 23:42:47.165, 92 %, 23033 MiB
2026/09/26 23:42:48.192, 94 %, 23033 MiB
2026/09/26 23:42:49.215, 92 %, 23033 MiB
2026/09/26 23:42:50.239, 92 %, 23033 MiB
2026/09/26 23:42:51.276, 94 %, 23033 MiB
2026/09/26 23:42:52.312, 95 %, 23033 MiB
2026/09/26 23:42:53.336, 92 %, 23033 MiB
2026/09/26 23:42:54.360, 94 %, 23033 MiB
2026/09/26 23:42:55.385, 92 %, 23033 MiB
2026/09/26 23:42:56.420, 93 %, 23033 MiB
2026/09/26 23:42:57.457, 91 %, 23205 MiB
2026/09/26 23:42:58.484, 93 %, 23205 MiB
2026/09/26 23:42:59.508, 93 %, 23205 MiB
2026/09/26 23:43:00.531, 93 %, 23205 MiB
2026/09/26 23:43:01.567, 95 %, 23205 MiB
2026/09/26 23:43:02.590, 95 %, 23205 MiB
2026/09/26 23:43:03.612, 94 %, 23205 MiB
2026/09/26 23:43:04.636, 94 %, 23205 MiB
2026/09/26 23:43:05.660, 94 %, 23205 MiB
2026/09/26 23:43:06.695, 94 %, 23205 MiB
2026/09/26 23:43:07.718, 94 %, 23205 MiB
2026/09/26 23:43:08.739, 93 %, 23205 MiB
2026/09/26 23:43:09.762, 95 %, 23205 MiB
2026/09/26 23:43:10.785, 48 %, 23205 MiB
2026/09/26 23:43:11.819, 0 %, 23205 MiB
2026/09/26 23:43:12.840, 0 %, 23205 MiB
2026/09/26 23:43:13.862, 93 %, 23205 MiB
2026/09/26 23:43:14.888, 94 %, 23205 MiB
2026/09/26 23:43:15.914, 94 %, 23205 MiB
2026/09/26 23:43:16.950, 94 %, 23205 MiB
2026/09/26 23:43:17.974, 94 %, 23205 MiB
2026/09/26 23:43:18.999, 94 %, 23205 MiB
2026/09/26 23:43:20.028, 94 %, 23205 MiB
2026/09/26 23:43:21.070, 95 %, 23205 MiB
2026/09/26 23:43:22.107, 95 %, 23205 MiB
2026/09/26 23:43:23.131, 95 %, 23205 MiB
2026/09/26 23:43:24.155, 95 %, 23205 MiB
2026/09/26 23:43:25.178, 95 %, 23205 MiB
2026/09/26 23:43:26.213, 94 %, 23205 MiB
2026/09/26 23:43:27.249, 94 %, 23205 MiB
2026/09/26 23:43:28.271, 95 %, 23205 MiB
2026/09/26 23:43:29.292, 94 %, 23205 MiB
2026/09/26 23:43:30.312, 94 %, 23205 MiB
2026/09/26 23:43:31.346, 94 %, 23205 MiB
2026/09/26 23:43:32.369, 95 %, 23205 MiB
2026/09/26 23:43:33.392, 94 %, 23205 MiB
2026/09/26 23:43:34.414, 95 %, 23205 MiB
2026/09/26 23:43:35.437, 95 %, 23205 MiB
2026/09/26 23:43:36.471, 95 %, 23205 MiB
2026/09/26 23:43:37.493, 95 %, 23205 MiB
2026/09/26 23:43:38.517, 94 %, 23205 MiB
2026/09/26 23:43:39.542, 97 %, 23205 MiB
2026/09/26 23:43:40.567, 0 %, 23205 MiB
2026/09/26 23:43:41.603, 0 %, 23205 MiB
2026/09/26 23:43:42.627, 0 %, 23205 MiB
2026/09/26 23:43:43.650, 94 %, 23205 MiB
2026/09/26 23:43:44.674, 95 %, 23205 MiB
2026/09/26 23:43:45.699, 94 %, 23205 MiB
2026/09/26 23:43:46.737, 95 %, 23205 MiB
2026/09/26 23:43:47.761, 94 %, 23205 MiB
2026/09/26 23:43:48.785, 95 %, 23205 MiB
2026/09/26 23:43:49.811, 94 %, 23205 MiB
2026/09/26 23:43:50.835, 94 %, 23205 MiB
2026/09/26 23:43:51.872, 94 %, 23205 MiB
2026/09/26 23:43:52.895, 93 %, 23205 MiB
2026/09/26 23:43:53.919, 93 %, 23205 MiB
2026/09/26 23:43:54.943, 94 %, 23205 MiB
2026/09/26 23:43:55.968, 100 %, 23205 MiB
2026/09/26 23:43:57.004, 94 %, 23205 MiB
2026/09/26 23:43:58.028, 94 %, 23205 MiB
2026/09/26 23:43:59.052, 93 %, 23205 MiB
2026/09/26 23:44:00.075, 94 %, 23205 MiB
2026/09/26 23:44:01.110, 95 %, 23205 MiB
2026/09/26 23:44:02.146, 94 %, 23205 MiB
2026/09/26 23:44:03.170, 94 %, 23205 MiB
2026/09/26 23:44:04.193, 93 %, 23205 MiB
2026/09/26 23:44:05.220, 93 %, 23205 MiB
2026/09/26 23:44:06.254, 93 %, 23205 MiB
2026/09/26 23:44:07.290, 94 %, 23205 MiB
2026/09/26 23:44:08.317, 94 %, 23205 MiB
2026/09/26 23:44:09.344, 100 %, 23205 MiB
2026/09/26 23:44:10.364, 0 %, 23205 MiB
2026/09/26 23:44:11.400, 0 %, 23205 MiB
2026/09/26 23:44:12.437, 94 %, 23205 MiB
2026/09/26 23:44:13.461, 95 %, 23205 MiB
2026/09/26 23:44:14.486, 95 %, 23205 MiB
2026/09/26 23:44:15.512, 95 %, 23205 MiB
2026/09/26 23:44:16.548, 95 %, 23205 MiB
2026/09/26 23:44:17.572, 94 %, 23205 MiB
2026/09/26 23:44:18.596, 93 %, 23205 MiB
2026/09/26 23:44:19.620, 92 %, 23205 MiB
2026/09/26 23:44:20.643, 93 %, 23205 MiB
2026/09/26 23:44:21.680, 95 %, 23205 MiB
2026/09/26 23:44:22.704, 95 %, 23205 MiB
2026/09/26 23:44:23.726, 94 %, 23205 MiB
2026/09/26 23:44:24.748, 94 %, 23205 MiB
2026/09/26 23:44:25.772, 95 %, 23205 MiB
2026/09/26 23:44:26.807, 95 %, 23205 MiB
2026/09/26 23:44:27.831, 95 %, 23205 MiB
2026/09/26 23:44:28.854, 94 %, 23205 MiB
2026/09/26 23:44:29.877, 94 %, 23205 MiB
2026/09/26 23:44:30.901, 93 %, 23205 MiB
2026/09/26 23:44:31.925, 93 %, 23205 MiB
2026/09/26 23:44:32.950, 93 %, 23205 MiB
2026/09/26 23:44:33.975, 94 %, 23205 MiB
2026/09/26 23:44:35.001, 94 %, 23205 MiB
2026/09/26 23:44:36.038, 94 %, 23205 MiB
2026/09/26 23:44:37.077, 94 %, 23205 MiB
2026/09/26 23:44:38.102, 93 %, 23205 MiB
2026/09/26 23:44:39.126, 0 %, 23205 MiB
2026/09/26 23:44:40.150, 0 %, 23205 MiB
2026/09/26 23:44:41.185, 0 %, 23205 MiB
2026/09/26 23:44:42.219, 93 %, 23205 MiB
2026/09/26 23:44:43.241, 95 %, 23205 MiB
2026/09/26 23:44:44.263, 94 %, 23205 MiB
2026/09/26 23:44:45.288, 93 %, 23205 MiB
2026/09/26 23:44:46.323, 92 %, 23205 MiB
2026/09/26 23:44:47.358, 92 %, 23205 MiB
2026/09/26 23:44:48.384, 93 %, 23205 MiB
