scenario,case,cached_sync_seconds,cached_async_seconds,reload_first10_seconds,reload_seconds,sync_video_matches_async,reload_segment,reload_video_matches_cached_async,reload_tail10_seconds
unitree_g1_pack_camera,case1,394.99311,375.799077,377.845913,377.845913,True,reload_first10,True,
unitree_g1_pack_camera,case2,339.745161,320.053854,371.532326,371.532326,True,reload_first10,True,
unitree_g1_pack_camera,case3,338.011607,319.09889,369.832092,369.832092,True,reload_first10,True,
unitree_g1_pack_camera,case4,338.349841,318.966645,369.255044,369.255044,True,reload_first10,True,
unitree_z1_dual_arm_cleanup_pencils,case1,258.029523,235.631575,285.464522,285.464522,True,reload_first10,True,
unitree_z1_dual_arm_cleanup_pencils,case2,259.981077,239.02118,286.592905,286.592905,True,reload_first10,True,
unitree_z1_dual_arm_cleanup_pencils,case3,256.926725,236.357538,286.65908,286.65908,True,reload_first10,True,
unitree_z1_dual_arm_cleanup_pencils,case4,257.648599,236.418369,287.499936,287.499936,True,reload_first10,True,
unitree_z1_dual_arm_stackbox,case1,238.253082,213.037616,263.764391,263.764391,True,reload_first10,True,
unitree_z1_dual_arm_stackbox,case2,236.474261,214.528734,263.471347,263.471347,True,reload_first10,True,
unitree_z1_dual_arm_stackbox,case3,236.460172,213.31206,,272.656643,True,reload_tail10,True,272.656643
unitree_z1_dual_arm_stackbox,case4,237.928985,213.447062,,265.930716,True,reload_tail10,True,265.930716
unitree_z1_dual_arm_stackbox_v2,case1,458.251537,434.615754,,488.38195,True,reload_tail10,True,488.38195
unitree_z1_dual_arm_stackbox_v2,case2,345.726305,322.435015,,379.277694,True,reload_tail10,True,379.277694
unitree_z1_dual_arm_stackbox_v2,case3,349.769974,322.773186,,377.846815,True,reload_tail10,True,377.846815
unitree_z1_dual_arm_stackbox_v2,case4,348.887421,322.435145,,373.939904,True,reload_tail10,True,373.939904
unitree_z1_stackbox,case1,363.258782,344.680614,,397.209231,True,reload_tail10,True,397.209231
unitree_z1_stackbox,case2,365.269893,346.72878,,400.717079,True,reload_tail10,True,400.717079
unitree_z1_stackbox,case3,364.872155,345.265991,,397.768698,True,reload_tail10,True,397.768698
unitree_z1_stackbox,case4,363.275692,345.08602,,395.759135,True,reload_tail10,True,395.759135
